Customer_Index,tenure,MonthlyCharges,TotalCharges,Contract_One year,Contract_Two year,InternetService_Fiber optic,Churn_Probability,Risk_Tier,Churn_Actual,Churn_Predicted,Top_3_Drivers,Recommended_Action
805,1,77.15,77.15,0,0,1,0.9780709,High Risk,1,1,charges_per_tenure (+1.873) | InternetService_Fiber optic (+0.243) | Contract_Two year (+0.213),Priority call — offer annual plan + early loyalty reward
667,1,95.65,95.65,0,0,1,0.9774399,High Risk,1,1,charges_per_tenure (+1.954) | high_risk_flag (+0.263) | InternetService_Fiber optic (+0.232),Priority call — offer annual plan + early loyalty reward
1080,1,85.05,85.05,0,0,1,0.97519934,High Risk,1,1,charges_per_tenure (+1.769) | InternetService_Fiber optic (+0.221) | Contract_Two year (+0.218),Priority call — offer annual plan + early loyalty reward
1149,1,95.1,95.1,0,0,1,0.97457,High Risk,1,1,charges_per_tenure (+1.668) | InternetService_Fiber optic (+0.229) | MultipleLines (+0.204),Priority call — offer annual plan + early loyalty reward
591,7,99.25,665.45,0,0,1,0.9717236,High Risk,1,1,charges_per_tenure (+1.156) | MonthlyCharges (+0.540) | InternetService_Fiber optic (+0.245),Priority call — offer annual plan + early loyalty reward
369,1,69.6,69.6,0,0,1,0.97035867,High Risk,1,1,charges_per_tenure (+1.733) | TotalCharges (+0.222) | Contract_Two year (+0.213),Priority call — offer annual plan + early loyalty reward
902,3,100.95,329.95,0,0,1,0.9694641,High Risk,1,1,charges_per_tenure (+1.455) | MultipleLines (+0.233) | InternetService_Fiber optic (+0.227),Priority call — offer annual plan + early loyalty reward
944,6,94.05,518.75,0,0,1,0.9640759,High Risk,0,1,charges_per_tenure (+1.497) | MonthlyCharges (+0.410) | InternetService_Fiber optic (+0.245),Priority call — offer annual plan + early loyalty reward
885,2,94.2,193.8,0,0,1,0.96401,High Risk,1,1,charges_per_tenure (+1.562) | MonthlyCharges (+0.284) | InternetService_Fiber optic (+0.232),Priority call — offer annual plan + early loyalty reward
324,1,79.35,79.35,0,0,1,0.96342635,High Risk,1,1,charges_per_tenure (+1.826) | high_risk_flag (+0.238) | InternetService_Fiber optic (+0.228),Priority call — offer annual plan + early loyalty reward
1114,1,68.65,68.65,0,0,1,0.9627904,High Risk,1,1,charges_per_tenure (+1.800) | Contract_Two year (+0.211) | high_risk_flag (+0.208),Priority call — offer annual plan + early loyalty reward
1126,1,69.25,69.25,0,0,1,0.962678,High Risk,1,1,charges_per_tenure (+1.670) | TotalCharges (+0.267) | Contract_Two year (+0.206),Priority call — offer annual plan + early loyalty reward
469,4,99.8,442.85,0,0,1,0.96218246,High Risk,1,1,charges_per_tenure (+1.255) | MonthlyCharges (+0.634) | InternetService_Fiber optic (+0.239),Priority call — offer annual plan + early loyalty reward
136,1,78.8,78.8,0,0,1,0.96215093,High Risk,1,1,charges_per_tenure (+1.765) | high_risk_flag (+0.227) | InternetService_Fiber optic (+0.223),Priority call — offer annual plan + early loyalty reward
31,1,69.1,69.1,0,0,1,0.9614252,High Risk,1,1,charges_per_tenure (+1.775) | InternetService_Fiber optic (+0.220) | Contract_Two year (+0.210),Priority call — offer annual plan + early loyalty reward
304,1,69.55,69.55,0,0,1,0.9614252,High Risk,1,1,charges_per_tenure (+1.775) | InternetService_Fiber optic (+0.220) | Contract_Two year (+0.210),Priority call — offer annual plan + early loyalty reward
984,3,96.6,291.9,0,0,1,0.9613484,High Risk,1,1,charges_per_tenure (+1.081) | MonthlyCharges (+0.306) | InternetService_Fiber optic (+0.230),Priority call — offer annual plan + early loyalty reward
1037,7,98.05,713.0,0,0,1,0.96081007,High Risk,1,1,charges_per_tenure (+1.192) | MonthlyCharges (+0.451) | InternetService_Fiber optic (+0.258),Priority call — offer annual plan + early loyalty reward
553,1,76.35,76.35,0,0,1,0.9601768,High Risk,1,1,charges_per_tenure (+1.887) | TotalCharges (+0.295) | InternetService_Fiber optic (+0.220),Priority call — offer annual plan + early loyalty reward
1220,1,69.9,69.9,0,0,1,0.95975477,High Risk,1,1,charges_per_tenure (+1.746) | InternetService_Fiber optic (+0.220) | Contract_Two year (+0.210),Priority call — offer annual plan + early loyalty reward
728,1,69.9,69.9,0,0,1,0.95975477,High Risk,0,1,charges_per_tenure (+1.746) | InternetService_Fiber optic (+0.220) | Contract_Two year (+0.210),Priority call — offer annual plan + early loyalty reward
1351,1,69.5,69.5,0,0,1,0.9590441,High Risk,1,1,charges_per_tenure (+1.768) | TotalCharges (+0.247) | Contract_Two year (+0.216),Priority call — offer annual plan + early loyalty reward
468,1,74.5,74.5,0,0,1,0.95868886,High Risk,1,1,charges_per_tenure (+1.682) | InternetService_Fiber optic (+0.229) | Contract_Two year (+0.212),Priority call — offer annual plan + early loyalty reward
211,3,94.85,335.75,0,0,1,0.95519257,High Risk,0,1,charges_per_tenure (+1.038) | MultipleLines (+0.235) | InternetService_Fiber optic (+0.221),Priority call — offer annual plan + early loyalty reward
397,1,69.75,69.75,0,0,1,0.95507544,High Risk,1,1,charges_per_tenure (+1.659) | Contract_Two year (+0.213) | InternetService_Fiber optic (+0.201),Priority call — offer annual plan + early loyalty reward
147,9,99.3,918.75,0,0,1,0.9546912,High Risk,0,1,charges_per_tenure (+1.027) | MonthlyCharges (+0.560) | InternetService_Fiber optic (+0.280),Priority call — offer annual plan + early loyalty reward
222,1,76.4,76.4,0,0,1,0.95391506,High Risk,1,1,charges_per_tenure (+1.789) | TotalCharges (+0.287) | Contract_Two year (+0.220),Priority call — offer annual plan + early loyalty reward
115,1,89.55,89.55,0,0,1,0.9519098,High Risk,1,1,charges_per_tenure (+1.680) | InternetService_Fiber optic (+0.235) | Contract_Two year (+0.216),Priority call — offer annual plan + early loyalty reward
1257,1,85.55,85.55,0,0,1,0.9518608,High Risk,1,1,charges_per_tenure (+1.771) | high_risk_flag (+0.237) | Contract_Two year (+0.223),Priority call — offer annual plan + early loyalty reward
988,1,88.35,88.35,0,0,1,0.9518028,High Risk,1,1,charges_per_tenure (+1.704) | InternetService_Fiber optic (+0.235) | Contract_Two year (+0.216),Priority call — offer annual plan + early loyalty reward
1169,2,86.85,156.35,0,0,1,0.9505501,High Risk,1,1,charges_per_tenure (+1.506) | Contract_Two year (+0.217) | high_risk_flag (+0.198),Priority call — offer annual plan + early loyalty reward
1338,11,100.75,1129.75,0,0,1,0.95054054,High Risk,1,1,charges_per_tenure (+0.746) | TotalCharges (+0.337) | InternetService_Fiber optic (+0.301),Priority call — offer annual plan + early loyalty reward
760,1,75.7,75.7,0,0,1,0.9493463,High Risk,1,1,charges_per_tenure (+1.752) | TotalCharges (+0.270) | InternetService_Fiber optic (+0.231),Priority call — offer annual plan + early loyalty reward
186,1,80.5,80.5,0,0,1,0.9480125,High Risk,1,1,charges_per_tenure (+1.801) | InternetService_Fiber optic (+0.224) | high_risk_flag (+0.217),Priority call — offer annual plan + early loyalty reward
1254,4,89.2,346.2,0,0,1,0.9478335,High Risk,1,1,charges_per_tenure (+1.118) | MultipleLines (+0.236) | InternetService_Fiber optic (+0.231),Priority call — offer annual plan + early loyalty reward
816,1,90.85,90.85,0,0,1,0.9459722,High Risk,1,1,charges_per_tenure (+1.697) | high_risk_flag (+0.238) | InternetService_Fiber optic (+0.232),Priority call — offer annual plan + early loyalty reward
596,1,80.05,80.05,0,0,1,0.9437292,High Risk,1,1,charges_per_tenure (+1.707) | high_risk_flag (+0.227) | InternetService_Fiber optic (+0.221),Priority call — offer annual plan + early loyalty reward
407,7,96.2,639.7,0,0,1,0.94363135,High Risk,0,1,charges_per_tenure (+1.058) | MonthlyCharges (+0.405) | InternetService_Fiber optic (+0.254),Priority call — offer annual plan + early loyalty reward
88,1,70.25,70.25,0,0,1,0.94190013,High Risk,0,1,charges_per_tenure (+1.539) | InternetService_Fiber optic (+0.219) | Contract_Two year (+0.210),Priority call — offer annual plan + early loyalty reward
703,1,70.25,70.25,0,0,1,0.94190013,High Risk,1,1,charges_per_tenure (+1.539) | InternetService_Fiber optic (+0.219) | Contract_Two year (+0.210),Priority call — offer annual plan + early loyalty reward
502,2,81.5,162.55,0,0,1,0.9391027,High Risk,0,1,charges_per_tenure (+1.377) | Contract_Two year (+0.214) | Contract_One year (+0.207),Priority call — offer annual plan + early loyalty reward
414,3,94.9,273.2,0,0,1,0.93902177,High Risk,0,1,charges_per_tenure (+1.027) | InternetService_Fiber optic (+0.224) | high_risk_flag (+0.214),Priority call — offer annual plan + early loyalty reward
402,6,90.75,512.25,0,0,1,0.9390192,High Risk,0,1,charges_per_tenure (+1.127) | InternetService_Fiber optic (+0.254) | MultipleLines (+0.213),Priority call — offer annual plan + early loyalty reward
1285,1,93.3,93.3,0,0,1,0.93821067,High Risk,1,1,charges_per_tenure (+1.566) | InternetService_Fiber optic (+0.238) | MultipleLines (+0.205),Priority call — offer annual plan + early loyalty reward
446,1,70.35,70.35,0,0,1,0.93728876,High Risk,0,1,charges_per_tenure (+1.511) | InternetService_Fiber optic (+0.219) | Contract_Two year (+0.210),Priority call — offer annual plan + early loyalty reward
248,4,93.5,362.2,0,0,1,0.93717843,High Risk,1,1,charges_per_tenure (+1.229) | MultipleLines (+0.254) | InternetService_Fiber optic (+0.241),Priority call — offer annual plan + early loyalty reward
569,1,25.2,25.2,0,0,0,0.936204,High Risk,1,1,charges_per_tenure (+0.930) | SeniorCitizen (+0.463) | PhoneService (+0.360),Priority call — offer annual plan + early loyalty reward
349,1,69.9,69.9,0,0,1,0.9361005,High Risk,1,1,charges_per_tenure (+1.776) | high_risk_flag (+0.226) | Contract_Two year (+0.215),Priority call — offer annual plan + early loyalty reward
699,3,41.15,132.2,0,0,0,0.934765,High Risk,1,1,charges_per_tenure (+0.816) | PhoneService (+0.355) | SeniorCitizen (+0.285),Priority call — offer annual plan + early loyalty reward
439,2,85.7,169.8,0,0,1,0.93211573,High Risk,1,1,charges_per_tenure (+1.172) | InternetService_Fiber optic (+0.219) | Contract_Two year (+0.209),Priority call — offer annual plan + early loyalty reward
615,3,85.3,264.8,0,0,1,0.93207544,High Risk,1,1,charges_per_tenure (+1.068) | InternetService_Fiber optic (+0.225) | MultipleLines (+0.219),Priority call — offer annual plan + early loyalty reward
261,1,35.55,35.55,0,0,0,0.931728,High Risk,1,1,charges_per_tenure (+1.036) | PhoneService (+0.448) | PaymentMethod_Electronic check (+0.204),Priority call — offer annual plan + early loyalty reward
475,1,74.5,74.5,0,0,1,0.92934775,High Risk,1,1,charges_per_tenure (+1.504) | InternetService_Fiber optic (+0.227) | Contract_Two year (+0.211),Priority call — offer annual plan + early loyalty reward
1376,4,84.6,360.1,0,0,1,0.9291696,High Risk,1,1,charges_per_tenure (+1.037) | InternetService_Fiber optic (+0.226) | MultipleLines (+0.225),Priority call — offer annual plan + early loyalty reward
1061,9,94.4,857.25,0,0,1,0.92791605,High Risk,1,1,charges_per_tenure (+0.803) | InternetService_Fiber optic (+0.277) | MonthlyCharges (+0.258),Priority call — offer annual plan + early loyalty reward
1372,1,70.6,70.6,0,0,1,0.9278916,High Risk,1,1,charges_per_tenure (+1.450) | InternetService_Fiber optic (+0.219) | Contract_Two year (+0.213),Priority call — offer annual plan + early loyalty reward
510,1,80.0,80.0,0,0,1,0.92712873,High Risk,1,1,charges_per_tenure (+1.582) | InternetService_Fiber optic (+0.222) | Contract_Two year (+0.216),Priority call — offer annual plan + early loyalty reward
929,4,80.3,324.2,0,0,1,0.92699015,High Risk,0,1,charges_per_tenure (+1.257) | InternetService_Fiber optic (+0.226) | MultipleLines (+0.214),Priority call — offer annual plan + early loyalty reward
610,1,75.3,75.3,0,0,1,0.92609924,High Risk,1,1,charges_per_tenure (+1.698) | InternetService_Fiber optic (+0.218) | Contract_Two year (+0.214),Priority call — offer annual plan + early loyalty reward
71,1,74.25,74.25,0,0,1,0.9260834,High Risk,1,1,charges_per_tenure (+1.553) | Contract_Two year (+0.217) | InternetService_Fiber optic (+0.214),Priority call — offer annual plan + early loyalty reward
547,1,25.05,25.05,0,0,0,0.92505586,High Risk,1,1,charges_per_tenure (+0.915) | SeniorCitizen (+0.432) | PhoneService (+0.368),Priority call — offer annual plan + early loyalty reward
1088,3,105.35,323.25,0,0,1,0.92403734,High Risk,1,1,charges_per_tenure (+1.363) | InternetService_Fiber optic (+0.230) | Contract_Two year (+0.190),Priority call — offer annual plan + early loyalty reward
380,2,30.4,78.65,0,0,0,0.92386067,High Risk,1,1,charges_per_tenure (+0.805) | PhoneService (+0.331) | TotalCharges (+0.321),Priority call — offer annual plan + early loyalty reward
15,2,90.4,168.2,0,0,1,0.92372864,High Risk,1,1,charges_per_tenure (+1.348) | InternetService_Fiber optic (+0.218) | Contract_Two year (+0.210),Priority call — offer annual plan + early loyalty reward
616,2,79.95,174.45,0,0,1,0.9226207,High Risk,0,1,charges_per_tenure (+1.220) | Contract_Two year (+0.206) | InternetService_Fiber optic (+0.205),Priority call — offer annual plan + early loyalty reward
1392,6,95.75,573.75,0,0,1,0.9221656,High Risk,1,1,charges_per_tenure (+1.082) | InternetService_Fiber optic (+0.245) | MonthlyCharges (+0.234),Priority call — offer annual plan + early loyalty reward
900,1,70.0,70.0,0,0,1,0.92171526,High Risk,1,1,charges_per_tenure (+1.505) | InternetService_Fiber optic (+0.217) | Contract_Two year (+0.210),Priority call — offer annual plan + early loyalty reward
464,3,77.0,237.75,0,0,1,0.9211777,High Risk,1,1,charges_per_tenure (+0.997) | MultipleLines (+0.245) | InternetService_Fiber optic (+0.234),Priority call — offer annual plan + early loyalty reward
715,2,79.6,195.05,0,0,1,0.9169745,High Risk,1,1,charges_per_tenure (+1.167) | Contract_Two year (+0.211) | InternetService_Fiber optic (+0.186),Priority call — offer annual plan + early loyalty reward
341,8,85.2,695.75,0,0,1,0.91644204,High Risk,0,1,charges_per_tenure (+0.760) | InternetService_Fiber optic (+0.268) | Contract_Two year (+0.210),Priority call — offer annual plan + early loyalty reward
34,1,70.45,70.45,0,0,1,0.9162001,High Risk,1,1,charges_per_tenure (+1.477) | Contract_Two year (+0.218) | tenure (+0.212),Priority call — offer annual plan + early loyalty reward
862,5,85.3,424.15,0,0,1,0.9159198,High Risk,1,1,charges_per_tenure (+1.131) | InternetService_Fiber optic (+0.240) | MultipleLines (+0.234),Priority call — offer annual plan + early loyalty reward
107,1,71.1,71.1,0,0,1,0.9156811,High Risk,0,1,charges_per_tenure (+1.629) | high_risk_flag (+0.234) | Contract_Two year (+0.217),Priority call — offer annual plan + early loyalty reward
1166,5,82.75,417.75,0,0,1,0.91481936,High Risk,0,1,charges_per_tenure (+1.111) | MultipleLines (+0.276) | InternetService_Fiber optic (+0.232),Priority call — offer annual plan + early loyalty reward
1326,2,80.95,171.15,0,0,1,0.9141899,High Risk,1,1,charges_per_tenure (+1.220) | Contract_Two year (+0.209) | InternetService_Fiber optic (+0.204),Priority call — offer annual plan + early loyalty reward
394,9,90.1,816.8,0,0,1,0.913699,High Risk,0,1,charges_per_tenure (+0.764) | InternetService_Fiber optic (+0.275) | Contract_Two year (+0.208),Priority call — offer annual plan + early loyalty reward
126,6,82.85,460.25,0,0,1,0.91343886,High Risk,1,1,charges_per_tenure (+0.998) | InternetService_Fiber optic (+0.254) | MultipleLines (+0.212),Priority call — offer annual plan + early loyalty reward
503,4,76.05,318.9,0,0,1,0.9132275,High Risk,1,1,charges_per_tenure (+1.106) | MultipleLines (+0.228) | InternetService_Fiber optic (+0.228),Priority call — offer annual plan + early loyalty reward
376,21,104.35,2271.85,0,0,1,0.91277194,High Risk,0,1,charges_per_tenure (+0.480) | InternetService_Fiber optic (+0.327) | MonthlyCharges (+0.257),Priority call — service quality review + plan optimisation
497,1,102.45,102.45,0,0,1,0.91184783,High Risk,1,1,charges_per_tenure (+1.364) | InternetService_Fiber optic (+0.215) | Contract_Two year (+0.205),Priority call — offer annual plan + early loyalty reward
276,11,95.15,997.65,0,0,1,0.911544,High Risk,1,1,charges_per_tenure (+0.562) | InternetService_Fiber optic (+0.306) | MultipleLines (+0.188),Priority call — offer annual plan + early loyalty reward
1093,1,75.35,75.35,0,0,1,0.9112277,High Risk,0,1,charges_per_tenure (+1.671) | TotalCharges (+0.277) | high_risk_flag (+0.237),Priority call — offer annual plan + early loyalty reward
329,8,90.25,743.75,0,0,1,0.9110348,High Risk,0,1,charges_per_tenure (+1.007) | InternetService_Fiber optic (+0.265) | MultipleLines (+0.234),Priority call — offer annual plan + early loyalty reward
437,6,105.3,545.2,0,0,1,0.90938103,High Risk,1,1,charges_per_tenure (+1.164) | InternetService_Fiber optic (+0.261) | Contract_Two year (+0.189),Priority call — offer annual plan + early loyalty reward
334,1,71.0,71.0,0,0,1,0.9082211,High Risk,1,1,charges_per_tenure (+1.371) | Contract_Two year (+0.206) | InternetService_Fiber optic (+0.199),Priority call — offer annual plan + early loyalty reward
1087,2,75.8,160.75,0,0,1,0.9080204,High Risk,1,1,charges_per_tenure (+1.441) | Contract_Two year (+0.206) | InternetService_Fiber optic (+0.184),Priority call — offer annual plan + early loyalty reward
669,1,71.35,71.35,0,0,1,0.9076993,High Risk,1,1,charges_per_tenure (+1.413) | Contract_Two year (+0.213) | InternetService_Fiber optic (+0.212),Priority call — offer annual plan + early loyalty reward
1179,2,79.0,143.65,0,0,1,0.9074008,High Risk,1,1,charges_per_tenure (+1.443) | Contract_Two year (+0.207) | high_risk_flag (+0.191),Priority call — offer annual plan + early loyalty reward
586,8,87.05,762.1,0,0,1,0.9073046,High Risk,1,1,charges_per_tenure (+0.826) | InternetService_Fiber optic (+0.281) | Contract_Two year (+0.206),Priority call — offer annual plan + early loyalty reward
357,3,75.85,256.6,0,0,1,0.9072522,High Risk,1,1,charges_per_tenure (+1.068) | MultipleLines (+0.221) | InternetService_Fiber optic (+0.218),Priority call — offer annual plan + early loyalty reward
353,4,74.35,265.35,0,0,1,0.9070844,High Risk,1,1,charges_per_tenure (+0.976) | InternetService_Fiber optic (+0.223) | MultipleLines (+0.213),Priority call — offer annual plan + early loyalty reward
793,1,73.5,73.5,0,0,1,0.9068757,High Risk,1,1,charges_per_tenure (+1.558) | high_risk_flag (+0.237) | Contract_Two year (+0.219),Priority call — offer annual plan + early loyalty reward
53,8,80.65,633.3,0,0,1,0.906578,High Risk,1,1,charges_per_tenure (+0.864) | InternetService_Fiber optic (+0.277) | high_risk_flag (+0.214),Priority call — offer annual plan + early loyalty reward
454,4,89.6,365.65,0,0,1,0.9059431,High Risk,1,1,charges_per_tenure (+1.348) | InternetService_Fiber optic (+0.246) | high_risk_flag (+0.234),Priority call — offer annual plan + early loyalty reward
185,1,71.65,71.65,0,0,1,0.9059123,High Risk,1,1,charges_per_tenure (+1.402) | InternetService_Fiber optic (+0.218) | Contract_Two year (+0.210),Priority call — offer annual plan + early loyalty reward
1299,24,104.25,2433.9,0,0,1,0.90294915,High Risk,1,1,charges_per_tenure (+0.334) | InternetService_Fiber optic (+0.311) | MonthlyCharges (+0.249),Priority call — service quality review + plan optimisation
1127,4,77.85,299.2,0,0,1,0.9004106,High Risk,1,1,charges_per_tenure (+0.986) | InternetService_Fiber optic (+0.230) | Contract_Two year (+0.204),Priority call — offer annual plan + early loyalty reward
863,2,80.55,184.1,0,0,1,0.9000967,High Risk,1,1,charges_per_tenure (+1.218) | Contract_Two year (+0.209) | InternetService_Fiber optic (+0.197),Priority call — offer annual plan + early loyalty reward
717,7,89.0,605.45,0,0,1,0.89783484,High Risk,0,1,charges_per_tenure (+0.931) | InternetService_Fiber optic (+0.257) | Contract_Two year (+0.210),Priority call — offer annual plan + early loyalty reward
137,4,75.65,302.35,0,0,1,0.8938219,High Risk,0,1,charges_per_tenure (+1.063) | MultipleLines (+0.228) | InternetService_Fiber optic (+0.226),Priority call — offer annual plan + early loyalty reward
346,16,96.4,1581.2,0,0,1,0.89375544,High Risk,1,1,MonthlyCharges (+0.378) | InternetService_Fiber optic (+0.299) | charges_per_tenure (+0.277),Priority call — service quality review + plan optimisation
490,4,44.55,174.3,0,0,0,0.8933359,High Risk,1,1,charges_per_tenure (+0.627) | PhoneService (+0.360) | PaymentMethod_Electronic check (+0.219),Priority call — offer annual plan + early loyalty reward
214,2,35.1,68.75,0,0,0,0.8930691,High Risk,1,1,charges_per_tenure (+0.921) | PhoneService (+0.340) | PaymentMethod_Electronic check (+0.193),Priority call — offer annual plan + early loyalty reward
1281,3,99.0,287.4,0,0,1,0.89040995,High Risk,1,1,charges_per_tenure (+0.839) | MonthlyCharges (+0.544) | Contract_Two year (+0.207),Priority call — offer annual plan + early loyalty reward
194,10,85.6,813.85,0,0,1,0.89016247,High Risk,1,1,charges_per_tenure (+0.564) | InternetService_Fiber optic (+0.294) | Contract_Two year (+0.204),Priority call — offer annual plan + early loyalty reward
1261,7,89.15,574.35,0,0,1,0.8892675,High Risk,0,1,charges_per_tenure (+0.918) | InternetService_Fiber optic (+0.258) | Contract_Two year (+0.209),Priority call — offer annual plan + early loyalty reward
1362,3,75.5,220.6,0,0,1,0.88876474,High Risk,1,1,charges_per_tenure (+0.960) | InternetService_Fiber optic (+0.240) | MultipleLines (+0.234),Priority call — offer annual plan + early loyalty reward
524,1,50.5,50.5,0,0,0,0.88802415,High Risk,1,1,charges_per_tenure (+1.519) | Contract_Two year (+0.192) | PaymentMethod_Electronic check (+0.165),Priority call — offer annual plan + early loyalty reward
1086,1,35.0,35.0,0,0,0,0.8877313,High Risk,0,1,charges_per_tenure (+0.941) | PhoneService (+0.376) | PaymentMethod_Electronic check (+0.200),Priority call — offer annual plan + early loyalty reward
882,2,74.9,136.05,0,0,1,0.8869836,High Risk,0,1,charges_per_tenure (+1.061) | MultipleLines (+0.236) | Contract_Two year (+0.207),Priority call — offer annual plan + early loyalty reward
1331,5,85.3,420.45,0,0,1,0.88517743,High Risk,0,1,charges_per_tenure (+1.146) | InternetService_Fiber optic (+0.240) | Contract_Two year (+0.213),Priority call — offer annual plan + early loyalty reward
775,14,74.95,1036.75,0,0,1,0.8848062,High Risk,1,1,charges_per_tenure (+0.429) | InternetService_Fiber optic (+0.273) | PaymentMethod_Electronic check (+0.243),Priority call — personalised retention offer
360,6,73.85,401.3,0,0,1,0.88323885,High Risk,0,1,charges_per_tenure (+1.017) | InternetService_Fiber optic (+0.242) | Contract_Two year (+0.204),Priority call — offer annual plan + early loyalty reward
59,6,74.9,469.8,0,0,1,0.88317204,High Risk,1,1,charges_per_tenure (+0.969) | InternetService_Fiber optic (+0.270) | MultipleLines (+0.222),Priority call — offer annual plan + early loyalty reward
1144,9,84.4,732.5,0,0,1,0.8814687,High Risk,1,1,charges_per_tenure (+0.508) | InternetService_Fiber optic (+0.276) | Contract_Two year (+0.212),Priority call — offer annual plan + early loyalty reward
1305,7,74.4,527.9,0,0,1,0.88085246,High Risk,1,1,charges_per_tenure (+0.876) | InternetService_Fiber optic (+0.256) | Contract_Two year (+0.205),Priority call — offer annual plan + early loyalty reward
436,4,80.35,307.4,0,0,1,0.87877935,High Risk,1,1,charges_per_tenure (+0.830) | InternetService_Fiber optic (+0.221) | Contract_Two year (+0.206),Priority call — offer annual plan + early loyalty reward
108,14,75.1,1013.35,0,0,1,0.87859654,High Risk,0,1,charges_per_tenure (+0.409) | InternetService_Fiber optic (+0.272) | PaymentMethod_Electronic check (+0.245),Priority call — service quality review + plan optimisation
614,15,79.4,1156.1,0,0,1,0.8775343,High Risk,1,1,charges_per_tenure (+0.391) | TotalCharges (+0.326) | InternetService_Fiber optic (+0.258),Priority call — service quality review + plan optimisation
1,7,78.55,522.95,0,0,1,0.8749162,High Risk,0,1,charges_per_tenure (+0.971) | InternetService_Fiber optic (+0.301) | high_risk_flag (+0.223),Priority call — offer annual plan + early loyalty reward
682,17,92.55,1614.7,0,0,1,0.87445396,High Risk,0,1,charges_per_tenure (+0.378) | InternetService_Fiber optic (+0.292) | PaymentMethod_Electronic check (+0.249),Priority call — service quality review + plan optimisation
1105,1,25.05,25.05,0,0,0,0.87246203,High Risk,1,1,charges_per_tenure (+1.022) | SeniorCitizen (+0.505) | PhoneService (+0.264),Priority call — offer annual plan + early loyalty reward
265,1,53.5,53.5,0,0,0,0.8723927,High Risk,1,1,charges_per_tenure (+1.440) | Contract_Two year (+0.199) | Contract_One year (+0.155),Priority call — offer annual plan + early loyalty reward
526,9,88.4,788.6,0,0,1,0.8715008,High Risk,0,1,charges_per_tenure (+0.787) | InternetService_Fiber optic (+0.275) | Contract_Two year (+0.217),Priority call — offer annual plan + early loyalty reward
888,3,40.15,130.75,0,0,0,0.86993974,High Risk,1,1,charges_per_tenure (+0.926) | PhoneService (+0.346) | Contract_Two year (+0.210),Priority call — offer annual plan + early loyalty reward
1034,3,89.45,240.45,0,0,1,0.8692652,High Risk,1,1,charges_per_tenure (+0.856) | InternetService_Fiber optic (+0.256) | Contract_Two year (+0.208),Priority call — offer annual plan + early loyalty reward
145,47,106.35,4849.1,0,0,1,0.86743414,High Risk,0,1,MonthlyCharges (+0.426) | InternetService_Fiber optic (+0.295) | TotalCharges (+0.189),Priority call — service quality review + plan optimisation
393,3,85.7,256.75,0,0,1,0.8666875,High Risk,0,1,charges_per_tenure (+1.068) | Contract_Two year (+0.217) | TotalCharges (+0.213),Priority call — offer annual plan + early loyalty reward
1244,2,42.6,72.4,0,0,0,0.86563015,High Risk,1,1,charges_per_tenure (+0.989) | PhoneService (+0.355) | Contract_Two year (+0.182),Priority call — offer annual plan + early loyalty reward
650,14,104.85,1531.4,0,0,1,0.86247694,High Risk,1,1,InternetService_Fiber optic (+0.325) | charges_per_tenure (+0.289) | PaymentMethod_Electronic check (+0.224),Priority call — service quality review + plan optimisation
1335,7,75.4,533.05,0,0,1,0.8624425,High Risk,0,1,charges_per_tenure (+0.748) | InternetService_Fiber optic (+0.267) | MultipleLines (+0.224),Priority call — offer annual plan + early loyalty reward
193,1,55.45,55.45,0,0,0,0.86231154,High Risk,0,1,charges_per_tenure (+1.347) | Contract_Two year (+0.193) | PaymentMethod_Electronic check (+0.171),Priority call — offer annual plan + early loyalty reward
1023,37,100.05,3810.55,0,0,1,0.8618075,High Risk,0,1,MonthlyCharges (+0.401) | PaymentMethod_Electronic check (+0.295) | InternetService_Fiber optic (+0.281),Priority call — service quality review + plan optimisation
683,10,94.9,1048.85,0,0,1,0.8607746,High Risk,1,1,charges_per_tenure (+0.535) | InternetService_Fiber optic (+0.281) | TotalCharges (+0.218),Priority call — offer annual plan + early loyalty reward
12,14,78.1,1122.4,0,0,1,0.8593964,High Risk,0,1,TotalCharges (+0.369) | charges_per_tenure (+0.322) | InternetService_Fiber optic (+0.284),Priority call — service quality review + plan optimisation
1097,6,80.5,463.05,0,0,1,0.85798764,High Risk,1,1,charges_per_tenure (+1.000) | InternetService_Fiber optic (+0.261) | Contract_Two year (+0.212),Priority call — offer annual plan + early loyalty reward
396,7,75.1,552.95,0,0,1,0.85771537,High Risk,1,1,charges_per_tenure (+0.856) | InternetService_Fiber optic (+0.286) | MultipleLines (+0.214),Priority call — offer annual plan + early loyalty reward
1233,1,50.75,50.75,0,0,0,0.8575875,High Risk,0,1,charges_per_tenure (+1.741) | Contract_Two year (+0.198) | Contract_One year (+0.171),Priority call — offer annual plan + early loyalty reward
364,26,98.35,2515.3,0,0,1,0.85622174,High Risk,1,1,MonthlyCharges (+0.384) | PaymentMethod_Electronic check (+0.282) | InternetService_Fiber optic (+0.264),Priority call — service quality review + plan optimisation
177,4,73.9,280.85,0,0,1,0.8511409,High Risk,1,1,charges_per_tenure (+0.836) | Contract_Two year (+0.203) | InternetService_Fiber optic (+0.196),Priority call — offer annual plan + early loyalty reward
955,4,29.9,118.25,0,0,0,0.85030186,High Risk,0,1,PhoneService (+0.383) | PaymentMethod_Electronic check (+0.291) | charges_per_tenure (+0.236),Priority call — offer annual plan + early loyalty reward
411,10,89.5,863.1,0,0,1,0.84966016,High Risk,1,1,charges_per_tenure (+0.526) | InternetService_Fiber optic (+0.288) | Contract_Two year (+0.206),Priority call — offer annual plan + early loyalty reward
1192,5,85.4,425.9,0,0,1,0.84944314,High Risk,1,1,charges_per_tenure (+1.110) | InternetService_Fiber optic (+0.223) | Contract_Two year (+0.210),Priority call — offer annual plan + early loyalty reward
535,13,96.65,1244.5,0,0,1,0.84852153,High Risk,1,1,charges_per_tenure (+0.390) | InternetService_Fiber optic (+0.301) | MonthlyCharges (+0.297),Priority call — service quality review + plan optimisation
384,18,88.85,1594.75,0,0,1,0.8485166,High Risk,0,1,charges_per_tenure (+0.558) | InternetService_Fiber optic (+0.302) | PaymentMethod_Electronic check (+0.281),Priority call — service quality review + plan optimisation
1065,24,99.65,2404.85,0,0,1,0.846667,High Risk,0,1,MonthlyCharges (+0.471) | InternetService_Fiber optic (+0.317) | TotalCharges (+0.224),Priority call — service quality review + plan optimisation
959,1,45.2,45.2,0,0,0,0.846235,High Risk,0,1,charges_per_tenure (+0.921) | SeniorCitizen (+0.307) | MonthlyCharges (+0.207),Priority call — offer annual plan + early loyalty reward
498,2,74.9,147.15,0,0,1,0.8457358,High Risk,1,1,charges_per_tenure (+0.902) | MultipleLines (+0.224) | Contract_Two year (+0.209),Priority call — offer annual plan + early loyalty reward
456,1,55.4,55.4,0,0,0,0.84567654,High Risk,1,1,charges_per_tenure (+1.287) | Contract_Two year (+0.193) | PaymentMethod_Electronic check (+0.171),Priority call — offer annual plan + early loyalty reward
1398,7,84.35,609.65,0,0,1,0.845609,High Risk,0,1,charges_per_tenure (+0.857) | InternetService_Fiber optic (+0.258) | Contract_Two year (+0.207),Priority call — offer annual plan + early loyalty reward
131,1,24.8,24.8,0,0,0,0.84544903,High Risk,1,1,charges_per_tenure (+0.900) | PhoneService (+0.328) | PaymentMethod_Electronic check (+0.210),Priority call — offer annual plan + early loyalty reward
1256,30,100.2,2983.8,0,0,1,0.84458846,High Risk,1,1,InternetService_Fiber optic (+0.298) | PaymentMethod_Electronic check (+0.294) | MonthlyCharges (+0.282),Priority call — service quality review + plan optimisation
333,5,75.6,402.5,0,0,1,0.84427226,High Risk,0,1,charges_per_tenure (+0.906) | InternetService_Fiber optic (+0.222) | MultipleLines (+0.210),Priority call — offer annual plan + early loyalty reward
199,4,76.65,333.6,0,0,1,0.8439403,High Risk,1,1,charges_per_tenure (+1.122) | Contract_Two year (+0.211) | InternetService_Fiber optic (+0.209),Priority call — offer annual plan + early loyalty reward
1045,13,99.0,1301.7,0,0,1,0.84374,High Risk,1,1,charges_per_tenure (+0.576) | MonthlyCharges (+0.539) | InternetService_Fiber optic (+0.312),Priority call — service quality review + plan optimisation
741,6,84.4,556.35,0,0,1,0.84240276,High Risk,1,1,charges_per_tenure (+0.916) | InternetService_Fiber optic (+0.240) | Contract_Two year (+0.208),Priority call — offer annual plan + early loyalty reward
1031,3,74.4,215.8,0,0,1,0.84211624,High Risk,1,1,charges_per_tenure (+1.052) | InternetService_Fiber optic (+0.229) | Contract_Two year (+0.208),Priority call — offer annual plan + early loyalty reward
1029,1,59.85,59.85,0,0,0,0.8408423,High Risk,1,1,charges_per_tenure (+1.412) | Contract_Two year (+0.188) | PaymentMethod_Electronic check (+0.183),Priority call — offer annual plan + early loyalty reward
62,21,73.7,1558.7,0,0,1,0.83995646,High Risk,0,1,PaymentMethod_Electronic check (+0.317) | MonthlyCharges (+0.276) | InternetService_Fiber optic (+0.251),Priority call — personalised retention offer
818,5,75.55,349.65,0,0,1,0.83947766,High Risk,1,1,charges_per_tenure (+0.911) | Contract_Two year (+0.208) | InternetService_Fiber optic (+0.187),Priority call — offer annual plan + early loyalty reward
133,1,50.75,50.75,0,0,0,0.83833826,High Risk,1,1,charges_per_tenure (+1.471) | Contract_Two year (+0.194) | Contract_One year (+0.157),Priority call — offer annual plan + early loyalty reward
1230,3,95.4,293.15,0,0,1,0.8382024,High Risk,0,1,charges_per_tenure (+0.826) | InternetService_Fiber optic (+0.216) | MonthlyCharges (+0.209),Priority call — offer annual plan + early loyalty reward
259,12,106.7,1253.9,0,0,1,0.83749014,High Risk,1,1,charges_per_tenure (+0.623) | InternetService_Fiber optic (+0.307) | PaperlessBilling (+0.176),Priority call — service quality review + plan optimisation
430,18,96.05,1740.7,0,0,1,0.83713096,High Risk,1,1,charges_per_tenure (+0.525) | MonthlyCharges (+0.372) | InternetService_Fiber optic (+0.283),Priority call — service quality review + plan optimisation
550,17,102.55,1742.5,0,0,1,0.83692706,High Risk,0,1,InternetService_Fiber optic (+0.323) | charges_per_tenure (+0.289) | PaymentMethod_Electronic check (+0.269),Priority call — service quality review + plan optimisation
757,3,80.7,239.45,0,0,1,0.8366706,High Risk,0,1,charges_per_tenure (+0.905) | InternetService_Fiber optic (+0.253) | Contract_Two year (+0.204),Priority call — offer annual plan + early loyalty reward
1200,20,98.55,2031.95,0,0,1,0.83556914,High Risk,0,1,charges_per_tenure (+0.637) | MonthlyCharges (+0.572) | InternetService_Fiber optic (+0.307),Priority call — service quality review + plan optimisation
1255,19,86.85,1564.4,0,0,1,0.8351643,High Risk,0,1,PaymentMethod_Electronic check (+0.294) | charges_per_tenure (+0.287) | InternetService_Fiber optic (+0.270),Priority call — service quality review + plan optimisation
924,4,72.2,305.55,0,0,1,0.8347855,High Risk,1,1,charges_per_tenure (+1.021) | Contract_Two year (+0.207) | InternetService_Fiber optic (+0.200),Priority call — offer annual plan + early loyalty reward
152,42,108.3,4586.15,1,0,1,0.8345566,High Risk,0,1,PaymentMethod_Electronic check (+0.320) | MonthlyCharges (+0.297) | TotalCharges (+0.235),Priority call — service quality review + plan optimisation
635,30,85.0,2624.25,0,0,1,0.83348656,High Risk,1,1,PaymentMethod_Electronic check (+0.294) | InternetService_Fiber optic (+0.279) | Contract_Two year (+0.263),Priority call — service quality review + plan optimisation
515,2,56.55,118.25,0,0,0,0.83323926,High Risk,0,1,charges_per_tenure (+1.097) | SeniorCitizen (+0.264) | Contract_Two year (+0.195),Priority call — offer annual plan + early loyalty reward
16,3,75.0,209.1,0,0,1,0.8313252,High Risk,1,1,charges_per_tenure (+1.127) | InternetService_Fiber optic (+0.226) | MultipleLines (+0.221),Priority call — offer annual plan + early loyalty reward
1343,2,44.95,85.15,0,0,0,0.8309019,High Risk,1,1,charges_per_tenure (+1.197) | SeniorCitizen (+0.333) | Contract_Two year (+0.202),Priority call — offer annual plan + early loyalty reward
91,11,84.8,906.85,0,0,1,0.8295679,High Risk,1,1,InternetService_Fiber optic (+0.277) | Contract_Two year (+0.208) | SeniorCitizen (+0.166),Priority call — offer annual plan + early loyalty reward
519,53,103.85,5485.5,0,0,1,0.8293376,High Risk,1,1,InternetService_Fiber optic (+0.327) | MonthlyCharges (+0.241) | Contract_Two year (+0.236),Priority call — service quality review + plan optimisation
538,6,83.9,497.55,0,0,1,0.8291094,High Risk,1,1,charges_per_tenure (+0.952) | InternetService_Fiber optic (+0.230) | Contract_Two year (+0.206),Priority call — offer annual plan + early loyalty reward
1064,36,84.1,3021.6,0,0,1,0.82888544,High Risk,1,1,Contract_Two year (+0.274) | PaymentMethod_Electronic check (+0.272) | InternetService_Fiber optic (+0.251),Priority call — service quality review + plan optimisation
398,23,93.5,2341.55,0,0,1,0.82742363,High Risk,0,1,PaymentMethod_Electronic check (+0.271) | InternetService_Fiber optic (+0.267) | Contract_Two year (+0.194),Priority call — service quality review + plan optimisation
1327,29,84.9,2516.2,0,0,1,0.8270851,High Risk,0,1,PaymentMethod_Electronic check (+0.286) | InternetService_Fiber optic (+0.279) | Contract_Two year (+0.263),Priority call — service quality review + plan optimisation
724,21,99.85,1992.55,0,0,1,0.82659364,High Risk,0,1,MonthlyCharges (+0.543) | InternetService_Fiber optic (+0.311) | Contract_Two year (+0.194),Priority call — service quality review + plan optimisation
871,34,100.05,3480.0,0,0,1,0.82366467,High Risk,1,1,MonthlyCharges (+0.432) | PaymentMethod_Electronic check (+0.313) | InternetService_Fiber optic (+0.281),Priority call — service quality review + plan optimisation
892,11,74.35,834.2,0,0,1,0.82306594,High Risk,1,1,charges_per_tenure (+0.350) | InternetService_Fiber optic (+0.292) | Contract_Two year (+0.198),Priority call — offer annual plan + early loyalty reward
835,8,75.75,606.25,0,0,1,0.821808,High Risk,1,1,charges_per_tenure (+0.512) | InternetService_Fiber optic (+0.281) | Contract_Two year (+0.202),Priority call — offer annual plan + early loyalty reward
262,1,59.2,59.2,0,0,0,0.82036436,High Risk,1,1,charges_per_tenure (+1.529) | Contract_Two year (+0.193) | PaymentMethod_Electronic check (+0.158),Priority call — offer annual plan + early loyalty reward
670,9,76.25,684.85,0,0,1,0.82031196,High Risk,0,1,charges_per_tenure (+0.473) | InternetService_Fiber optic (+0.289) | Contract_Two year (+0.198),Priority call — offer annual plan + early loyalty reward
1028,1,55.55,55.55,0,0,0,0.8202089,High Risk,0,1,charges_per_tenure (+1.540) | Contract_Two year (+0.203) | TechSupport (+0.138),Priority call — offer annual plan + early loyalty reward
1156,53,101.9,5549.4,0,0,1,0.8196915,High Risk,1,1,InternetService_Fiber optic (+0.326) | Contract_Two year (+0.265) | MonthlyCharges (+0.209),Priority call — service quality review + plan optimisation
1375,22,50.6,1073.3,0,0,0,0.8192423,High Risk,0,1,TotalCharges (+0.401) | PaymentMethod_Electronic check (+0.303) | PhoneService (+0.265),Priority call — personalised retention offer
1077,15,91.5,1400.3,0,0,1,0.81862813,High Risk,0,1,charges_per_tenure (+0.285) | InternetService_Fiber optic (+0.282) | PaymentMethod_Electronic check (+0.220),Priority call — service quality review + plan optimisation
621,16,85.05,1391.15,0,0,1,0.81806475,High Risk,0,1,charges_per_tenure (+0.371) | InternetService_Fiber optic (+0.294) | SeniorCitizen (+0.218),Priority call — service quality review + plan optimisation
458,4,48.75,179.85,0,0,0,0.8176291,High Risk,0,1,charges_per_tenure (+0.858) | SeniorCitizen (+0.305) | TotalCharges (+0.207),Priority call — offer annual plan + early loyalty reward
109,47,106.4,5127.95,0,0,1,0.8176156,High Risk,1,1,MonthlyCharges (+0.377) | InternetService_Fiber optic (+0.295) | PaymentMethod_Electronic check (+0.187),Priority call — service quality review + plan optimisation
1113,54,99.05,5295.7,0,0,1,0.8163398,High Risk,0,1,InternetService_Fiber optic (+0.314) | Contract_Two year (+0.261) | Contract_One year (+0.197),Priority call — service quality review + plan optimisation
417,50,95.7,4729.75,0,0,1,0.8159433,High Risk,0,1,InternetService_Fiber optic (+0.347) | PaymentMethod_Electronic check (+0.297) | Contract_One year (+0.209),Priority call — service quality review + plan optimisation
403,4,70.5,294.2,0,0,1,0.8157212,High Risk,0,1,charges_per_tenure (+0.825) | Contract_Two year (+0.205) | InternetService_Fiber optic (+0.192),Priority call — offer annual plan + early loyalty reward
5,60,105.9,6396.45,0,0,1,0.8154139,High Risk,1,1,InternetService_Fiber optic (+0.343) | MonthlyCharges (+0.325) | PaymentMethod_Electronic check (+0.277),Priority call — service quality review + plan optimisation
1358,2,91.15,168.5,0,0,1,0.81190395,High Risk,0,1,charges_per_tenure (+1.052) | Contract_Two year (+0.208) | InternetService_Fiber optic (+0.196),Priority call — offer annual plan + early loyalty reward
10,4,70.2,280.35,0,0,1,0.80925614,High Risk,0,1,charges_per_tenure (+0.780) | Contract_Two year (+0.203) | InternetService_Fiber optic (+0.178),Priority call — offer annual plan + early loyalty reward
636,1,45.4,45.4,0,0,0,0.8081669,High Risk,1,1,charges_per_tenure (+1.234) | Contract_Two year (+0.197) | Contract_One year (+0.175),Priority call — offer annual plan + early loyalty reward
17,22,79.35,1730.35,0,0,1,0.8066288,High Risk,1,1,PaymentMethod_Electronic check (+0.368) | InternetService_Fiber optic (+0.273) | Contract_Two year (+0.226),Priority call — service quality review + plan optimisation
948,1,24.4,24.4,0,0,0,0.8065413,High Risk,0,1,charges_per_tenure (+1.014) | PhoneService (+0.310) | Contract_Two year (+0.207),Priority call — offer annual plan + early loyalty reward
746,38,105.0,4026.4,0,0,1,0.80460536,High Risk,1,1,InternetService_Fiber optic (+0.280) | PaymentMethod_Electronic check (+0.265) | MonthlyCharges (+0.245),Priority call — service quality review + plan optimisation
1069,1,44.0,44.0,0,0,0,0.8028345,High Risk,0,1,charges_per_tenure (+0.908) | SeniorCitizen (+0.337) | Contract_Two year (+0.197),Priority call — offer annual plan + early loyalty reward
927,21,95.4,2025.1,0,0,1,0.80275553,High Risk,0,1,InternetService_Fiber optic (+0.284) | charges_per_tenure (+0.265) | SeniorCitizen (+0.202),Priority call — service quality review + plan optimisation
1381,7,75.45,480.75,0,0,1,0.8020252,High Risk,1,1,charges_per_tenure (+0.928) | InternetService_Fiber optic (+0.273) | high_risk_flag (+0.211),Priority call — offer annual plan + early loyalty reward
8,14,87.25,1258.6,0,0,1,0.8004119,High Risk,1,1,charges_per_tenure (+0.387) | InternetService_Fiber optic (+0.296) | PaymentMethod_Electronic check (+0.223),Priority call — service quality review + plan optimisation
504,25,89.5,2196.15,0,0,1,0.7980704,High Risk,1,1,PaymentMethod_Electronic check (+0.301) | InternetService_Fiber optic (+0.290) | Contract_Two year (+0.224),Priority call — service quality review + plan optimisation
390,1,24.2,24.2,0,0,0,0.79780823,High Risk,0,1,charges_per_tenure (+1.061) | PhoneService (+0.320) | MonthlyCharges (+0.247),Priority call — offer annual plan + early loyalty reward
933,1,52.2,52.2,0,0,0,0.7958953,High Risk,1,1,charges_per_tenure (+1.506) | Contract_Two year (+0.182) | Contract_One year (+0.164),Priority call — offer annual plan + early loyalty reward
415,2,79.85,152.45,0,0,1,0.79501975,High Risk,1,1,charges_per_tenure (+1.099) | Contract_Two year (+0.202) | InternetService_Fiber optic (+0.182),Priority call — offer annual plan + early loyalty reward
83,26,91.25,2351.8,0,0,1,0.7948644,High Risk,1,1,InternetService_Fiber optic (+0.246) | PaymentMethod_Electronic check (+0.231) | Contract_Two year (+0.228),Priority call — service quality review + plan optimisation
205,3,73.85,196.4,0,0,1,0.7948383,High Risk,0,1,charges_per_tenure (+0.757) | Contract_Two year (+0.209) | SeniorCitizen (+0.187),Priority call — offer annual plan + early loyalty reward
325,3,75.05,202.9,0,0,1,0.7945964,High Risk,0,1,charges_per_tenure (+1.013) | SeniorCitizen (+0.235) | Contract_Two year (+0.209),Priority call — offer annual plan + early loyalty reward
890,34,75.55,2425.4,0,0,1,0.79434294,High Risk,0,1,Contract_Two year (+0.271) | PaymentMethod_Electronic check (+0.263) | InternetService_Fiber optic (+0.258),Priority call — service quality review + plan optimisation
361,3,89.85,244.45,0,0,1,0.79427165,High Risk,0,1,charges_per_tenure (+1.014) | InternetService_Fiber optic (+0.245) | high_risk_flag (+0.216),Priority call — offer annual plan + early loyalty reward
423,1,45.85,45.85,0,0,0,0.79367876,High Risk,1,1,charges_per_tenure (+1.211) | Contract_Two year (+0.198) | Contract_One year (+0.160),Priority call — offer annual plan + early loyalty reward
493,32,78.9,2447.95,0,0,1,0.7925673,High Risk,1,1,PaymentMethod_Electronic check (+0.353) | InternetService_Fiber optic (+0.270) | Contract_Two year (+0.263),Priority call — service quality review + plan optimisation
1238,1,75.3,75.3,0,0,1,0.7920926,High Risk,1,1,charges_per_tenure (+1.552) | TotalCharges (+0.231) | Contract_Two year (+0.212),Priority call — offer annual plan + early loyalty reward
652,1,24.4,24.4,0,0,0,0.791251,High Risk,0,1,charges_per_tenure (+1.011) | PhoneService (+0.366) | Contract_Two year (+0.209),Priority call — offer annual plan + early loyalty reward
1241,8,74.85,572.45,0,0,1,0.7910385,High Risk,0,1,charges_per_tenure (+0.494) | InternetService_Fiber optic (+0.288) | Contract_Two year (+0.199),Priority call — offer annual plan + early loyalty reward
1330,49,99.8,4872.45,0,0,1,0.7904939,High Risk,1,1,InternetService_Fiber optic (+0.353) | MonthlyCharges (+0.267) | PaymentMethod_Electronic check (+0.248),Priority call — service quality review + plan optimisation
552,5,69.95,330.15,0,0,1,0.7900364,High Risk,1,1,charges_per_tenure (+0.765) | Contract_Two year (+0.202) | InternetService_Fiber optic (+0.185),Priority call — offer annual plan + early loyalty reward
1245,9,80.8,713.1,0,0,1,0.7894126,High Risk,1,1,charges_per_tenure (+0.455) | InternetService_Fiber optic (+0.279) | Contract_Two year (+0.205),Priority call — offer annual plan + early loyalty reward
886,2,67.75,116.65,0,0,1,0.78908503,High Risk,1,1,charges_per_tenure (+0.709) | Contract_Two year (+0.204) | InternetService_Fiber optic (+0.189),Priority call — offer annual plan + early loyalty reward
76,10,98.9,1064.95,1,0,1,0.78887457,High Risk,0,1,charges_per_tenure (+0.820) | MonthlyCharges (+0.454) | TotalCharges (+0.407),Priority call — service quality review + plan optimisation
726,7,94.05,633.45,1,0,1,0.78722423,High Risk,0,1,charges_per_tenure (+1.145) | MonthlyCharges (+0.266) | InternetService_Fiber optic (+0.183),Priority call — service quality review + plan optimisation
648,37,95.25,3314.15,0,0,1,0.7867402,High Risk,0,1,PaymentMethod_Electronic check (+0.299) | InternetService_Fiber optic (+0.294) | Contract_Two year (+0.178),Priority call — service quality review + plan optimisation
271,25,105.5,2686.05,0,0,1,0.7857092,High Risk,0,1,charges_per_tenure (+0.405) | MonthlyCharges (+0.386) | InternetService_Fiber optic (+0.242),Priority call — service quality review + plan optimisation
736,16,38.9,664.4,0,0,0,0.78550935,High Risk,0,1,PaymentMethod_Electronic check (+0.351) | PhoneService (+0.349) | TotalCharges (+0.257),Priority call — personalised retention offer
1350,66,105.2,6936.85,0,0,1,0.7852145,High Risk,0,1,InternetService_Fiber optic (+0.332) | MonthlyCharges (+0.314) | Contract_Two year (+0.312),Priority call — service quality review + plan optimisation
1212,4,90.65,367.95,0,0,1,0.78498596,High Risk,0,1,charges_per_tenure (+0.880) | InternetService_Fiber optic (+0.220) | Contract_Two year (+0.203),Priority call — offer annual plan + early loyalty reward
119,32,74.4,2276.95,0,0,1,0.7843484,High Risk,1,1,Contract_Two year (+0.268) | PaymentMethod_Electronic check (+0.267) | InternetService_Fiber optic (+0.256),Priority call — personalised retention offer
1337,3,43.3,123.65,0,0,0,0.78382546,High Risk,1,1,charges_per_tenure (+0.846) | Contract_Two year (+0.192) | PaymentMethod_Electronic check (+0.183),Priority call — offer annual plan + early loyalty reward
597,16,74.75,1129.35,0,0,1,0.78378487,High Risk,0,1,TotalCharges (+0.421) | InternetService_Fiber optic (+0.249) | Contract_Two year (+0.202),Priority call — personalised retention offer
710,3,70.4,204.7,0,0,1,0.7836858,High Risk,1,1,charges_per_tenure (+0.788) | Contract_Two year (+0.206) | Contract_One year (+0.183),Priority call — offer annual plan + early loyalty reward
916,1,50.45,50.45,0,0,0,0.78281367,High Risk,1,1,charges_per_tenure (+1.066) | Contract_Two year (+0.197) | Contract_One year (+0.175),Priority call — offer annual plan + early loyalty reward
932,25,95.9,2448.75,0,0,1,0.78241426,High Risk,1,1,InternetService_Fiber optic (+0.293) | TotalCharges (+0.250) | PaymentMethod_Electronic check (+0.244),Priority call — service quality review + plan optimisation
1019,1,24.6,24.6,0,0,0,0.78159636,High Risk,1,1,charges_per_tenure (+0.848) | PhoneService (+0.323) | PaymentMethod_Electronic check (+0.220),Priority call — offer annual plan + early loyalty reward
1082,3,73.6,232.5,0,0,1,0.77845716,High Risk,0,1,charges_per_tenure (+0.886) | InternetService_Fiber optic (+0.218) | Contract_Two year (+0.209),Priority call — offer annual plan + early loyalty reward
587,5,68.95,351.5,0,0,1,0.777624,High Risk,0,1,charges_per_tenure (+0.720) | InternetService_Fiber optic (+0.213) | Contract_Two year (+0.202),Priority call — offer annual plan + early loyalty reward
531,1,20.1,20.1,0,0,0,0.77607507,High Risk,1,1,charges_per_tenure (+1.106) | TotalCharges (+0.216) | Contract_Two year (+0.198),Priority call — offer annual plan + early loyalty reward
987,1,25.35,25.35,0,0,0,0.77509445,High Risk,0,1,charges_per_tenure (+1.011) | PhoneService (+0.341) | Contract_Two year (+0.208),Priority call — offer annual plan + early loyalty reward
853,11,78.5,874.2,0,0,1,0.7750413,High Risk,0,1,InternetService_Fiber optic (+0.263) | PaymentMethod_Electronic check (+0.207) | Contract_Two year (+0.205),Priority call — offer annual plan + early loyalty reward
594,1,45.35,45.35,0,0,0,0.77501285,High Risk,0,1,charges_per_tenure (+1.239) | Contract_Two year (+0.198) | Contract_One year (+0.180),Priority call — offer annual plan + early loyalty reward
1117,27,95.55,2510.2,0,0,1,0.7747072,High Risk,1,1,InternetService_Fiber optic (+0.276) | PaymentMethod_Electronic check (+0.261) | Contract_Two year (+0.175),Priority call — service quality review + plan optimisation
32,1,19.75,19.75,0,0,0,0.7746828,High Risk,0,1,charges_per_tenure (+0.928) | MonthlyCharges (+0.271) | Contract_Two year (+0.204),Priority call — offer annual plan + early loyalty reward
923,34,106.35,3549.25,0,0,1,0.7725078,High Risk,1,1,InternetService_Fiber optic (+0.295) | MonthlyCharges (+0.282) | PaymentMethod_Electronic check (+0.242),Priority call — service quality review + plan optimisation
980,23,74.95,1710.45,0,0,1,0.7724677,High Risk,1,1,PaymentMethod_Electronic check (+0.341) | InternetService_Fiber optic (+0.255) | Contract_Two year (+0.223),Priority call — personalised retention offer
212,17,45.05,770.6,0,0,0,0.76802707,High Risk,1,1,PaymentMethod_Electronic check (+0.330) | Contract_Two year (+0.250) | SeniorCitizen (+0.208),Priority call — personalised retention offer
1159,5,69.95,320.4,0,0,1,0.7679744,High Risk,0,1,charges_per_tenure (+0.883) | Contract_Two year (+0.205) | InternetService_Fiber optic (+0.194),Priority call — offer annual plan + early loyalty reward
1322,31,80.45,2429.1,0,0,1,0.7671534,High Risk,0,1,PaymentMethod_Electronic check (+0.292) | InternetService_Fiber optic (+0.283) | Contract_Two year (+0.260),Priority call — service quality review + plan optimisation
869,4,69.35,261.65,0,0,1,0.7668764,High Risk,0,1,charges_per_tenure (+0.771) | Contract_Two year (+0.202) | InternetService_Fiber optic (+0.177),Priority call — offer annual plan + early loyalty reward
998,2,70.75,154.85,0,0,1,0.7659359,High Risk,1,1,charges_per_tenure (+0.693) | Contract_Two year (+0.207) | Contract_One year (+0.188),Priority call — offer annual plan + early loyalty reward
160,15,49.0,749.25,0,0,0,0.7638474,High Risk,0,1,PaymentMethod_Electronic check (+0.347) | Contract_Two year (+0.218) | Contract_One year (+0.156),Priority call — personalised retention offer
174,14,70.2,1046.5,0,0,1,0.7631999,High Risk,0,1,charges_per_tenure (+0.309) | TotalCharges (+0.302) | PaymentMethod_Electronic check (+0.290),Priority call — personalised retention offer
1196,35,95.45,3474.05,0,0,1,0.7626304,High Risk,1,1,PaymentMethod_Electronic check (+0.273) | InternetService_Fiber optic (+0.251) | Contract_Two year (+0.198),Priority call — service quality review + plan optimisation
1072,36,85.25,3132.75,0,0,1,0.76173514,High Risk,1,1,Contract_Two year (+0.269) | InternetService_Fiber optic (+0.261) | SeniorCitizen (+0.217),Priority call — service quality review + plan optimisation
175,5,69.7,316.9,0,0,1,0.7612417,High Risk,1,1,charges_per_tenure (+0.713) | Contract_Two year (+0.200) | InternetService_Fiber optic (+0.186),Priority call — offer annual plan + early loyalty reward
255,15,84.3,1308.4,0,0,1,0.7595377,High Risk,1,1,charges_per_tenure (+0.426) | InternetService_Fiber optic (+0.282) | PaymentMethod_Electronic check (+0.252),Priority call — service quality review + plan optimisation
1289,2,74.7,165.4,0,0,1,0.75800425,High Risk,1,1,charges_per_tenure (+0.600) | Contract_Two year (+0.207) | InternetService_Fiber optic (+0.173),Priority call — offer annual plan + early loyalty reward
465,42,104.75,4323.45,0,0,1,0.7568949,High Risk,1,1,InternetService_Fiber optic (+0.278) | MonthlyCharges (+0.272) | Contract_Two year (+0.227),Priority call — service quality review + plan optimisation
1356,17,100.45,1622.45,0,0,1,0.756702,High Risk,1,1,InternetService_Fiber optic (+0.288) | charges_per_tenure (+0.230) | MultipleLines (+0.198),Priority call — service quality review + plan optimisation
574,1,45.1,45.1,0,0,0,0.7559563,High Risk,1,1,charges_per_tenure (+1.032) | Contract_Two year (+0.200) | Contract_One year (+0.160),Priority call — offer annual plan + early loyalty reward
857,18,84.95,1443.65,0,0,1,0.75571287,High Risk,0,1,InternetService_Fiber optic (+0.257) | Contract_Two year (+0.206) | PaymentMethod_Electronic check (+0.191),Priority call — service quality review + plan optimisation
956,15,83.2,1130.0,0,0,1,0.7551335,High Risk,0,1,TotalCharges (+0.359) | InternetService_Fiber optic (+0.339) | Contract_Two year (+0.210),Priority call — service quality review + plan optimisation
1300,24,76.1,1712.7,0,0,1,0.75506186,High Risk,1,1,PaymentMethod_Electronic check (+0.315) | InternetService_Fiber optic (+0.246) | Contract_Two year (+0.234),Priority call — service quality review + plan optimisation
1054,68,117.2,8035.95,1,0,1,0.753808,High Risk,0,1,tenure (+0.320) | MonthlyCharges (+0.317) | Contract_Two year (+0.227),Priority call — service quality review + plan optimisation
1310,2,44.9,111.05,0,0,0,0.75271654,High Risk,0,1,charges_per_tenure (+1.129) | Contract_Two year (+0.202) | Contract_One year (+0.168),Priority call — offer annual plan + early loyalty reward
1101,33,100.0,3320.6,0,0,1,0.7524637,High Risk,0,1,MonthlyCharges (+0.434) | InternetService_Fiber optic (+0.294) | PaymentMethod_Electronic check (+0.276),Priority call — service quality review + plan optimisation
637,1,29.95,29.95,0,0,0,0.7515014,High Risk,1,1,charges_per_tenure (+1.121) | PhoneService (+0.315) | Contract_Two year (+0.209),Priority call — offer annual plan + early loyalty reward
311,1,48.75,48.75,0,0,0,0.7508472,High Risk,0,1,charges_per_tenure (+1.077) | Contract_Two year (+0.197) | tenure (+0.177),Priority call — offer annual plan + early loyalty reward
599,40,102.65,4108.15,0,0,1,0.7504084,High Risk,0,1,InternetService_Fiber optic (+0.279) | MonthlyCharges (+0.279) | Contract_Two year (+0.233),Priority call — service quality review + plan optimisation
1133,1,45.95,45.95,0,0,0,0.74908596,High Risk,1,1,charges_per_tenure (+1.260) | Contract_Two year (+0.196) | Contract_One year (+0.177),Priority call — offer annual plan + early loyalty reward
86,43,75.35,3161.4,0,0,1,0.74887264,High Risk,0,1,InternetService_Fiber optic (+0.350) | Contract_Two year (+0.296) | Contract_One year (+0.263),Priority call — service quality review + plan optimisation
270,7,75.15,525.0,0,0,1,0.7488319,High Risk,0,1,charges_per_tenure (+0.646) | InternetService_Fiber optic (+0.269) | Contract_Two year (+0.202),Priority call — offer annual plan + early loyalty reward
1107,2,70.0,153.05,0,0,1,0.747564,High Risk,1,1,charges_per_tenure (+0.866) | Contract_Two year (+0.206) | Contract_One year (+0.193),Priority call — offer annual plan + early loyalty reward
581,15,94.0,1505.45,0,0,1,0.74707544,High Risk,0,1,InternetService_Fiber optic (+0.303) | MonthlyCharges (+0.237) | charges_per_tenure (+0.219),Priority call — service quality review + plan optimisation
75,27,75.5,1893.95,0,0,1,0.74694484,High Risk,1,1,PaymentMethod_Electronic check (+0.299) | Contract_Two year (+0.265) | InternetService_Fiber optic (+0.247),Priority call — service quality review + plan optimisation
405,47,86.05,3865.6,0,0,1,0.74688077,High Risk,0,1,Contract_Two year (+0.305) | InternetService_Fiber optic (+0.294) | SeniorCitizen (+0.275),Priority call — service quality review + plan optimisation
218,41,113.2,4689.5,0,0,1,0.7466965,High Risk,1,1,TotalCharges (+0.419) | InternetService_Fiber optic (+0.226) | SeniorCitizen (+0.203),Priority call — service quality review + plan optimisation
286,17,85.35,1463.45,0,0,1,0.7455265,High Risk,1,1,charges_per_tenure (+0.458) | InternetService_Fiber optic (+0.296) | SeniorCitizen (+0.212),Priority call — service quality review + plan optimisation
1106,4,90.4,356.65,0,0,1,0.744801,High Risk,0,1,charges_per_tenure (+0.999) | InternetService_Fiber optic (+0.224) | Contract_Two year (+0.202),Priority call — offer annual plan + early loyalty reward
156,27,78.05,2135.5,0,0,1,0.74332017,High Risk,1,1,PaymentMethod_Electronic check (+0.338) | Contract_Two year (+0.265) | InternetService_Fiber optic (+0.256),Priority call — service quality review + plan optimisation
1145,13,70.15,931.75,0,0,1,0.74235123,High Risk,0,1,charges_per_tenure (+0.300) | PaymentMethod_Electronic check (+0.275) | InternetService_Fiber optic (+0.259),Priority call — personalised retention offer
593,1,50.45,50.45,0,0,0,0.74218696,High Risk,1,1,charges_per_tenure (+1.105) | Contract_Two year (+0.198) | Contract_One year (+0.173),Priority call — offer annual plan + early loyalty reward
1225,10,33.9,298.45,0,0,0,0.74198866,High Risk,1,1,PhoneService (+0.461) | TotalCharges (+0.263) | Contract_Two year (+0.240),Priority call — offer annual plan + early loyalty reward
1242,2,70.65,142.35,0,0,1,0.7417299,High Risk,1,1,charges_per_tenure (+0.658) | Contract_Two year (+0.206) | Contract_One year (+0.184),Priority call — offer annual plan + early loyalty reward
1177,3,29.9,92.25,0,0,0,0.7416938,High Risk,0,1,PhoneService (+0.371) | charges_per_tenure (+0.365) | PaymentMethod_Electronic check (+0.261),Priority call — offer annual plan + early loyalty reward
1165,2,70.95,137.95,0,0,1,0.74125457,High Risk,1,1,charges_per_tenure (+0.717) | Contract_Two year (+0.204) | Contract_One year (+0.174),Priority call — offer annual plan + early loyalty reward
124,37,76.5,2868.15,0,0,1,0.7389249,High Risk,1,1,InternetService_Fiber optic (+0.303) | Contract_Two year (+0.302) | PaymentMethod_Electronic check (+0.253),Priority call — service quality review + plan optimisation
391,13,89.4,1132.35,0,0,1,0.7376964,High Risk,1,1,InternetService_Fiber optic (+0.322) | charges_per_tenure (+0.295) | TotalCharges (+0.293),Priority call — service quality review + plan optimisation
1317,7,89.75,608.8,0,0,1,0.73765147,High Risk,1,1,charges_per_tenure (+0.953) | InternetService_Fiber optic (+0.264) | Contract_Two year (+0.204),Priority call — offer annual plan + early loyalty reward
1039,1,19.9,19.9,0,0,0,0.7345001,High Risk,0,1,charges_per_tenure (+1.060) | Contract_Two year (+0.198) | TotalCharges (+0.191),Priority call — offer annual plan + early loyalty reward
1124,18,90.7,1597.25,0,0,1,0.73449284,High Risk,1,1,charges_per_tenure (+0.411) | InternetService_Fiber optic (+0.314) | Contract_Two year (+0.212),Priority call — service quality review + plan optimisation
1218,2,69.75,144.55,0,0,1,0.734068,High Risk,1,1,charges_per_tenure (+0.862) | Contract_Two year (+0.206) | Contract_One year (+0.193),Priority call — offer annual plan + early loyalty reward
664,1,44.15,44.15,0,0,0,0.73406535,High Risk,1,1,charges_per_tenure (+1.079) | Contract_Two year (+0.199) | Contract_One year (+0.159),Priority call — offer annual plan + early loyalty reward
1190,22,101.35,2317.1,0,0,1,0.7337248,High Risk,1,1,charges_per_tenure (+0.320) | InternetService_Fiber optic (+0.276) | Contract_Two year (+0.191),Priority call — service quality review + plan optimisation
677,31,81.15,2640.55,0,0,1,0.7332304,High Risk,0,1,PaymentMethod_Electronic check (+0.305) | InternetService_Fiber optic (+0.283) | Contract_Two year (+0.259),Priority call — service quality review + plan optimisation
354,5,84.5,453.75,0,0,1,0.7329757,High Risk,1,1,charges_per_tenure (+0.957) | InternetService_Fiber optic (+0.226) | Contract_Two year (+0.199),Priority call — offer annual plan + early loyalty reward
433,2,70.35,139.25,0,0,1,0.73168314,High Risk,0,1,charges_per_tenure (+0.700) | Contract_Two year (+0.202) | Contract_One year (+0.178),Priority call — offer annual plan + early loyalty reward
499,1,20.0,20.0,0,0,0,0.7314652,High Risk,0,1,charges_per_tenure (+0.845) | PaymentMethod_Electronic check (+0.206) | Contract_Two year (+0.196),Priority call — offer annual plan + early loyalty reward
937,1,45.15,45.15,0,0,0,0.7307318,High Risk,0,1,charges_per_tenure (+1.100) | Contract_Two year (+0.198) | Contract_One year (+0.180),Priority call — offer annual plan + early loyalty reward
752,6,69.1,435.0,0,0,1,0.7306357,High Risk,0,1,charges_per_tenure (+0.685) | InternetService_Fiber optic (+0.239) | Contract_Two year (+0.200),Priority call — offer annual plan + early loyalty reward
729,61,106.45,6300.15,0,0,1,0.72800624,High Risk,0,1,MonthlyCharges (+0.339) | InternetService_Fiber optic (+0.313) | PaymentMethod_Electronic check (+0.270),Priority call — service quality review + plan optimisation
105,2,54.35,117.05,0,0,0,0.7266297,High Risk,0,1,charges_per_tenure (+1.164) | Contract_Two year (+0.185) | Contract_One year (+0.169),Priority call — offer annual plan + early loyalty reward
1151,7,79.65,604.7,0,0,1,0.7241644,High Risk,1,1,charges_per_tenure (+0.996) | InternetService_Fiber optic (+0.248) | Contract_Two year (+0.200),Priority call — offer annual plan + early loyalty reward
928,57,100.6,5746.15,0,0,1,0.723921,High Risk,1,1,InternetService_Fiber optic (+0.305) | Contract_Two year (+0.269) | PaymentMethod_Electronic check (+0.239),Priority call — service quality review + plan optimisation
1092,45,93.9,4200.25,0,0,1,0.7231279,High Risk,0,1,InternetService_Fiber optic (+0.311) | Contract_Two year (+0.226) | Contract_One year (+0.220),Priority call — service quality review + plan optimisation
756,54,55.45,2966.95,1,0,0,0.7222777,High Risk,0,1,PhoneService (+0.414) | PaymentMethod_Electronic check (+0.393) | Contract_Two year (+0.248),Priority call — personalised retention offer
210,20,85.8,1727.5,0,0,1,0.7222266,High Risk,1,1,InternetService_Fiber optic (+0.248) | SeniorCitizen (+0.200) | Contract_Two year (+0.198),Priority call — service quality review + plan optimisation
366,1,20.2,20.2,0,0,0,0.7192659,High Risk,1,1,charges_per_tenure (+1.060) | Contract_Two year (+0.199) | Contract_One year (+0.188),Priority call — offer annual plan + early loyalty reward
1383,18,80.55,1411.65,0,0,1,0.71673965,High Risk,0,1,InternetService_Fiber optic (+0.275) | Contract_Two year (+0.203) | SeniorCitizen (+0.192),Priority call — service quality review + plan optimisation
1189,37,76.25,2841.55,0,0,1,0.7165119,High Risk,1,1,InternetService_Fiber optic (+0.303) | Contract_Two year (+0.301) | PaymentMethod_Electronic check (+0.248),Priority call — service quality review + plan optimisation
731,35,83.15,2848.45,0,0,1,0.71492964,High Risk,0,1,PaymentMethod_Electronic check (+0.339) | InternetService_Fiber optic (+0.271) | Contract_Two year (+0.255),Priority call — service quality review + plan optimisation
226,48,91.05,4370.75,0,0,1,0.71389854,High Risk,0,1,Contract_Two year (+0.316) | SeniorCitizen (+0.311) | InternetService_Fiber optic (+0.302),Priority call — service quality review + plan optimisation
649,15,89.85,1424.95,0,0,1,0.71333486,High Risk,1,1,InternetService_Fiber optic (+0.310) | Contract_Two year (+0.210) | PaymentMethod_Electronic check (+0.176),Priority call — service quality review + plan optimisation
539,24,90.35,2238.5,0,0,1,0.7114851,High Risk,1,1,PaymentMethod_Electronic check (+0.302) | InternetService_Fiber optic (+0.253) | Contract_Two year (+0.225),Priority call — service quality review + plan optimisation
792,50,95.05,4888.7,0,0,1,0.71093553,High Risk,1,1,InternetService_Fiber optic (+0.304) | PaymentMethod_Electronic check (+0.248) | Contract_Two year (+0.231),Priority call — service quality review + plan optimisation
445,7,48.2,340.35,0,0,0,0.71073025,High Risk,0,1,charges_per_tenure (+0.265) | PaymentMethod_Electronic check (+0.244) | Contract_Two year (+0.191),Priority call — offer annual plan + early loyalty reward
409,3,44.75,148.05,0,0,0,0.7104981,High Risk,0,1,charges_per_tenure (+0.989) | Contract_Two year (+0.198) | Contract_One year (+0.178),Priority call — offer annual plan + early loyalty reward
1260,19,79.85,1471.75,0,0,1,0.7104083,High Risk,1,1,PaymentMethod_Electronic check (+0.293) | InternetService_Fiber optic (+0.243) | Contract_Two year (+0.222),Priority call — service quality review + plan optimisation
1308,7,44.4,265.8,0,0,0,0.71016127,High Risk,0,1,PhoneService (+0.364) | charges_per_tenure (+0.217) | PaymentMethod_Electronic check (+0.208),Priority call — offer annual plan + early loyalty reward
206,17,92.7,1556.85,0,0,1,0.7100051,High Risk,0,1,charges_per_tenure (+0.377) | InternetService_Fiber optic (+0.331) | Contract_One year (+0.175),Priority call — service quality review + plan optimisation
851,19,39.65,733.35,0,0,0,0.7072022,High Risk,1,1,PhoneService (+0.398) | PaymentMethod_Electronic check (+0.320) | Contract_Two year (+0.246),Priority call — personalised retention offer
266,35,70.55,2419.0,0,0,1,0.7063056,High Risk,0,1,Contract_Two year (+0.314) | InternetService_Fiber optic (+0.290) | Contract_One year (+0.259),Priority call — personalised retention offer
434,2,69.95,143.9,0,0,1,0.7048819,High Risk,0,1,charges_per_tenure (+0.908) | Contract_Two year (+0.207) | Contract_One year (+0.172),Priority call — offer annual plan + early loyalty reward
1175,22,49.8,1049.05,0,0,0,0.7039981,High Risk,0,1,TotalCharges (+0.438) | PaymentMethod_Electronic check (+0.309) | Contract_Two year (+0.232),Priority call — personalised retention offer
770,2,69.8,146.65,0,0,1,0.703823,High Risk,0,1,charges_per_tenure (+0.703) | Contract_Two year (+0.201) | InternetService_Fiber optic (+0.169),Priority call — offer annual plan + early loyalty reward
356,3,70.3,220.4,0,0,1,0.703573,High Risk,0,1,charges_per_tenure (+0.913) | InternetService_Fiber optic (+0.210) | Contract_Two year (+0.205),Priority call — offer annual plan + early loyalty reward
634,1,50.15,50.15,0,0,0,0.70291424,High Risk,0,1,charges_per_tenure (+0.946) | Contract_Two year (+0.200) | Contract_One year (+0.160),Priority call — offer annual plan + early loyalty reward
620,19,105.0,2007.25,0,0,1,0.7010563,High Risk,0,1,charges_per_tenure (+0.426) | InternetService_Fiber optic (+0.303) | SeniorCitizen (+0.223),Priority call — service quality review + plan optimisation
1043,38,69.5,2625.25,0,0,1,0.7008999,High Risk,0,1,InternetService_Fiber optic (+0.346) | Contract_Two year (+0.301) | Contract_One year (+0.257),Priority call — personalised retention offer
1102,10,70.3,738.2,0,0,1,0.7003082,High Risk,1,1,PaymentMethod_Electronic check (+0.239) | InternetService_Fiber optic (+0.237) | Contract_Two year (+0.200),Priority call — offer annual plan + early loyalty reward
395,20,90.2,1776.55,0,0,1,0.6983605,High Risk,1,1,PaymentMethod_Electronic check (+0.279) | InternetService_Fiber optic (+0.273) | charges_per_tenure (+0.248),Priority call — service quality review + plan optimisation
110,1,20.25,20.25,0,0,0,0.69597733,High Risk,0,1,charges_per_tenure (+1.016) | Contract_Two year (+0.198) | tenure (+0.187),Priority call — offer annual plan + early loyalty reward
1103,46,96.05,4399.5,0,0,1,0.6956072,High Risk,1,1,InternetService_Fiber optic (+0.338) | MonthlyCharges (+0.297) | Contract_One year (+0.221),Priority call — service quality review + plan optimisation
974,1,19.8,19.8,0,0,0,0.6950937,High Risk,1,1,charges_per_tenure (+0.936) | MonthlyCharges (+0.212) | Contract_Two year (+0.203),Priority call — offer annual plan + early loyalty reward
1210,16,69.65,1043.3,0,0,1,0.693355,High Risk,0,1,PaymentMethod_Electronic check (+0.272) | SeniorCitizen (+0.245) | Contract_Two year (+0.201),Priority call — personalised retention offer
722,1,19.75,19.75,0,0,0,0.6930981,High Risk,0,1,charges_per_tenure (+0.670) | MonthlyCharges (+0.236) | Contract_Two year (+0.200),Priority call — offer annual plan + early loyalty reward
505,44,73.85,3122.4,0,0,1,0.6913573,High Risk,0,1,Contract_Two year (+0.347) | Contract_One year (+0.267) | InternetService_Fiber optic (+0.262),Priority call — personalised retention offer
612,27,81.45,2122.05,0,0,1,0.6902584,High Risk,1,1,PaymentMethod_Electronic check (+0.293) | Contract_Two year (+0.265) | InternetService_Fiber optic (+0.256),Priority call — service quality review + plan optimisation
943,19,100.95,1875.55,1,0,1,0.69017977,High Risk,1,1,charges_per_tenure (+0.781) | PaymentMethod_Electronic check (+0.264) | InternetService_Fiber optic (+0.253),Priority call — service quality review + plan optimisation
1204,9,34.7,296.1,0,0,0,0.68986875,High Risk,1,1,PhoneService (+0.352) | Contract_Two year (+0.232) | TotalCharges (+0.183),Priority call — offer annual plan + early loyalty reward
35,3,90.4,268.45,0,0,1,0.68848044,High Risk,0,1,charges_per_tenure (+0.739) | Contract_Two year (+0.211) | InternetService_Fiber optic (+0.206),Priority call — offer annual plan + early loyalty reward
622,66,99.5,6822.15,0,0,1,0.6855786,High Risk,1,1,MonthlyCharges (+0.373) | Contract_Two year (+0.319) | InternetService_Fiber optic (+0.304),Priority call — service quality review + plan optimisation
992,1,50.05,50.05,0,0,0,0.68406206,High Risk,0,1,charges_per_tenure (+0.738) | Contract_Two year (+0.188) | Contract_One year (+0.151),Priority call — offer annual plan + early loyalty reward
373,1,49.95,49.95,0,0,0,0.6836716,High Risk,1,1,charges_per_tenure (+0.863) | Contract_Two year (+0.196) | Contract_One year (+0.178),Priority call — offer annual plan + early loyalty reward
1400,22,89.4,2001.5,0,0,1,0.6835654,High Risk,1,1,PaymentMethod_Electronic check (+0.316) | InternetService_Fiber optic (+0.271) | Contract_Two year (+0.222),Priority call — service quality review + plan optimisation
50,2,50.3,92.75,0,0,0,0.6834825,High Risk,0,1,charges_per_tenure (+1.023) | Contract_Two year (+0.200) | Contract_One year (+0.159),Priority call — offer annual plan + early loyalty reward
386,13,74.4,896.75,0,0,1,0.6830728,High Risk,1,1,InternetService_Fiber optic (+0.325) | charges_per_tenure (+0.209) | Contract_Two year (+0.202),Priority call — personalised retention offer
997,1,19.45,19.45,0,0,0,0.6830482,High Risk,0,1,charges_per_tenure (+0.740) | PaymentMethod_Electronic check (+0.264) | Contract_Two year (+0.199),Priority call — offer annual plan + early loyalty reward
953,19,56.2,1093.4,0,0,0,0.6829106,High Risk,0,1,PaymentMethod_Electronic check (+0.325) | TotalCharges (+0.318) | Contract_Two year (+0.235),Priority call — personalised retention offer
858,1,21.0,21.0,0,0,0,0.68264335,High Risk,1,1,charges_per_tenure (+0.934) | tenure (+0.192) | Contract_Two year (+0.188),Priority call — offer annual plan + early loyalty reward
950,3,35.1,101.1,0,0,0,0.6824546,High Risk,0,1,charges_per_tenure (+0.825) | PhoneService (+0.318) | Contract_Two year (+0.206),Priority call — offer annual plan + early loyalty reward
1252,52,49.15,2550.9,0,0,0,0.6807633,High Risk,1,1,PaymentMethod_Electronic check (+0.442) | PhoneService (+0.407) | Contract_Two year (+0.287),Priority call — personalised retention offer
229,1,19.75,19.75,0,0,0,0.68028814,High Risk,0,1,charges_per_tenure (+0.840) | MonthlyCharges (+0.255) | Contract_Two year (+0.206),Priority call — offer annual plan + early loyalty reward
584,1,19.75,19.75,0,0,0,0.68028814,High Risk,1,1,charges_per_tenure (+0.840) | MonthlyCharges (+0.255) | Contract_Two year (+0.206),Priority call — offer annual plan + early loyalty reward
1090,13,23.9,300.8,0,0,0,0.68006474,High Risk,1,1,PhoneService (+0.506) | Contract_Two year (+0.248) | PaymentMethod_Electronic check (+0.215),Priority call — personalised retention offer
906,19,39.7,710.05,0,0,0,0.6797708,High Risk,0,1,PhoneService (+0.393) | PaymentMethod_Electronic check (+0.268) | Contract_Two year (+0.250),Priority call — personalised retention offer
1119,13,80.85,1008.7,0,0,1,0.6794536,High Risk,1,1,InternetService_Fiber optic (+0.274) | PaymentMethod_Electronic check (+0.237) | Contract_Two year (+0.204),Priority call — service quality review + plan optimisation
917,33,83.85,2716.3,0,0,1,0.6793919,High Risk,1,1,Contract_Two year (+0.264) | InternetService_Fiber optic (+0.258) | Contract_One year (+0.233),Priority call — service quality review + plan optimisation
695,6,69.25,418.4,0,0,1,0.6793606,High Risk,1,1,charges_per_tenure (+0.823) | InternetService_Fiber optic (+0.241) | Contract_Two year (+0.202),Priority call — offer annual plan + early loyalty reward
899,11,84.8,888.75,0,0,1,0.6789736,High Risk,0,1,InternetService_Fiber optic (+0.256) | Contract_Two year (+0.206) | PaymentMethod_Electronic check (+0.155),Priority call — offer annual plan + early loyalty reward
516,3,64.6,174.2,0,0,0,0.677137,High Risk,0,1,charges_per_tenure (+0.801) | Contract_Two year (+0.189) | MultipleLines (+0.183),Priority call — offer annual plan + early loyalty reward
479,24,39.1,971.3,0,0,0,0.67700875,High Risk,1,1,SeniorCitizen (+0.473) | Contract_Two year (+0.392) | PhoneService (+0.301),Priority call — personalised retention offer
470,1,19.75,19.75,0,0,0,0.676525,High Risk,0,1,charges_per_tenure (+0.829) | MonthlyCharges (+0.246) | Contract_Two year (+0.207),Priority call — offer annual plan + early loyalty reward
941,3,83.75,247.25,0,0,1,0.67647415,High Risk,1,1,charges_per_tenure (+0.684) | InternetService_Fiber optic (+0.245) | Contract_Two year (+0.205),Priority call — offer annual plan + early loyalty reward
207,2,50.15,115.1,0,0,0,0.6757773,High Risk,1,1,charges_per_tenure (+0.899) | SeniorCitizen (+0.285) | Contract_Two year (+0.202),Priority call — offer annual plan + early loyalty reward
859,18,74.15,1345.75,0,0,1,0.67548233,High Risk,0,1,PaymentMethod_Electronic check (+0.275) | InternetService_Fiber optic (+0.245) | Contract_Two year (+0.220),Priority call — personalised retention offer
529,21,86.5,1808.7,0,0,1,0.6741466,High Risk,1,1,PaymentMethod_Electronic check (+0.296) | InternetService_Fiber optic (+0.254) | Contract_Two year (+0.223),Priority call — service quality review + plan optimisation
1173,1,20.15,20.15,0,0,0,0.67357445,High Risk,1,1,charges_per_tenure (+1.013) | Contract_Two year (+0.199) | Contract_One year (+0.196),Priority call — offer annual plan + early loyalty reward
25,38,74.95,2869.85,0,0,1,0.6733676,High Risk,1,1,InternetService_Fiber optic (+0.310) | Contract_Two year (+0.293) | Contract_One year (+0.282),Priority call — personalised retention offer
1108,16,74.3,1178.25,0,0,1,0.6732742,High Risk,1,1,InternetService_Fiber optic (+0.244) | SeniorCitizen (+0.217) | Contract_Two year (+0.205),Priority call — personalised retention offer
975,3,69.55,222.3,0,0,1,0.6718043,High Risk,1,1,charges_per_tenure (+0.761) | InternetService_Fiber optic (+0.213) | Contract_Two year (+0.205),Priority call — offer annual plan + early loyalty reward
204,32,81.1,2619.25,0,0,1,0.67166334,High Risk,0,1,Contract_Two year (+0.262) | InternetService_Fiber optic (+0.253) | Contract_One year (+0.238),Priority call — service quality review + plan optimisation
1295,2,54.15,101.65,0,0,0,0.6716014,High Risk,0,1,charges_per_tenure (+1.182) | Contract_Two year (+0.195) | Contract_One year (+0.179),Priority call — offer annual plan + early loyalty reward
52,52,106.5,5621.85,1,0,1,0.67090803,High Risk,0,1,InternetService_Fiber optic (+0.250) | PaymentMethod_Electronic check (+0.225) | MonthlyCharges (+0.182),Priority call — service quality review + plan optimisation
732,3,35.2,108.95,0,0,0,0.6708229,High Risk,1,1,charges_per_tenure (+0.602) | PhoneService (+0.218) | Contract_Two year (+0.215),Priority call — offer annual plan + early loyalty reward
799,3,25.25,58.9,0,0,0,0.67048395,High Risk,1,1,PhoneService (+0.320) | PaymentMethod_Electronic check (+0.312) | Contract_Two year (+0.191),Priority call — offer annual plan + early loyalty reward
578,31,94.5,2979.2,0,0,1,0.6695252,High Risk,0,1,InternetService_Fiber optic (+0.279) | PaymentMethod_Electronic check (+0.270) | Contract_Two year (+0.211),Priority call — service quality review + plan optimisation
1046,5,90.35,434.5,0,0,1,0.6684283,High Risk,0,1,charges_per_tenure (+1.046) | InternetService_Fiber optic (+0.223) | Contract_Two year (+0.206),Priority call — offer annual plan + early loyalty reward
1132,34,94.25,3217.55,0,0,1,0.66780597,High Risk,1,1,InternetService_Fiber optic (+0.254) | PaymentMethod_Electronic check (+0.231) | Contract_Two year (+0.222),Priority call — service quality review + plan optimisation
165,35,24.15,812.5,0,0,0,0.66568184,High Risk,0,1,PhoneService (+0.526) | MonthlyCharges (+0.313) | PaymentMethod_Electronic check (+0.304),Priority call — personalised retention offer
905,40,105.95,4335.2,1,0,1,0.6650093,High Risk,0,1,MonthlyCharges (+0.411) | InternetService_Fiber optic (+0.211) | MultipleLines (+0.178),Priority call — service quality review + plan optimisation
172,11,72.9,818.45,0,0,1,0.6630248,High Risk,0,1,InternetService_Fiber optic (+0.236) | PaymentMethod_Electronic check (+0.225) | Contract_Two year (+0.202),Priority call — offer annual plan + early loyalty reward
154,13,98.15,1230.25,0,0,1,0.66293234,High Risk,1,1,MonthlyCharges (+0.386) | InternetService_Fiber optic (+0.281) | charges_per_tenure (+0.270),Priority call — service quality review + plan optimisation
345,11,78.1,864.85,0,0,1,0.6626991,High Risk,0,1,InternetService_Fiber optic (+0.276) | Contract_Two year (+0.191) | Contract_One year (+0.187),Priority call — offer annual plan + early loyalty reward
709,50,83.4,4113.7,0,0,1,0.66233385,High Risk,0,1,Contract_Two year (+0.385) | Contract_One year (+0.273) | InternetService_Fiber optic (+0.264),Priority call — service quality review + plan optimisation
685,1,29.15,29.15,0,0,0,0.6615471,High Risk,0,1,charges_per_tenure (+1.120) | PhoneService (+0.348) | Contract_Two year (+0.196),Priority call — offer annual plan + early loyalty reward
103,20,49.6,939.8,0,0,0,0.6614937,High Risk,0,1,PaymentMethod_Electronic check (+0.368) | TotalCharges (+0.259) | Contract_Two year (+0.229),Priority call — personalised retention offer
849,18,95.15,1779.95,0,0,1,0.6612399,High Risk,1,1,charges_per_tenure (+0.427) | InternetService_Fiber optic (+0.298) | Contract_Two year (+0.158),Priority call — service quality review + plan optimisation
786,20,96.55,1901.65,0,0,1,0.6610664,High Risk,0,1,charges_per_tenure (+0.320) | PaymentMethod_Electronic check (+0.293) | InternetService_Fiber optic (+0.274),Priority call — service quality review + plan optimisation
1142,15,86.2,1270.2,0,0,1,0.659913,High Risk,1,1,charges_per_tenure (+0.383) | PaymentMethod_Electronic check (+0.270) | InternetService_Fiber optic (+0.264),Priority call — service quality review + plan optimisation
1008,7,48.8,349.8,0,0,0,0.6567789,High Risk,0,1,PaymentMethod_Electronic check (+0.298) | charges_per_tenure (+0.280) | Contract_Two year (+0.188),Priority call — offer annual plan + early loyalty reward
449,31,93.8,3019.5,0,0,1,0.65535176,High Risk,1,1,PaymentMethod_Electronic check (+0.325) | InternetService_Fiber optic (+0.273) | MonthlyCharges (+0.234),Priority call — service quality review + plan optimisation
208,31,91.15,2995.45,0,0,1,0.65497625,High Risk,1,1,InternetService_Fiber optic (+0.293) | Contract_Two year (+0.260) | PaymentMethod_Electronic check (+0.254),Priority call — service quality review + plan optimisation
473,33,80.6,2656.5,0,0,1,0.65273166,High Risk,1,1,InternetService_Fiber optic (+0.264) | Contract_Two year (+0.260) | Contract_One year (+0.240),Priority call — service quality review + plan optimisation
1311,10,70.0,740.0,0,0,1,0.6513748,High Risk,1,1,InternetService_Fiber optic (+0.237) | PaymentMethod_Electronic check (+0.232) | Contract_Two year (+0.199),Priority call — offer annual plan + early loyalty reward
471,23,90.6,1943.2,0,0,1,0.6511937,High Risk,1,1,PaymentMethod_Electronic check (+0.324) | InternetService_Fiber optic (+0.255) | Contract_Two year (+0.222),Priority call — service quality review + plan optimisation
1263,47,99.7,4747.2,0,0,1,0.64843595,Medium Risk,0,1,InternetService_Fiber optic (+0.297) | Contract_Two year (+0.263) | PaymentMethod_Electronic check (+0.213),Proactive email — annual contract upgrade incentive
374,13,48.75,633.4,0,0,0,0.64816606,Medium Risk,1,1,PhoneService (+0.281) | Contract_Two year (+0.234) | PaperlessBilling (+0.162),Proactive email — annual contract upgrade incentive
921,25,69.3,1813.1,0,0,1,0.64664966,Medium Risk,0,1,PaymentMethod_Electronic check (+0.302) | Contract_Two year (+0.262) | InternetService_Fiber optic (+0.235),Proactive email — annual contract upgrade incentive
1237,51,106.8,5498.8,1,0,1,0.644691,Medium Risk,0,1,MonthlyCharges (+0.311) | InternetService_Fiber optic (+0.247) | StreamingMovies (+0.193),Check-in call — satisfaction survey + usage review
1198,1,20.5,20.5,0,0,0,0.643921,Medium Risk,0,1,charges_per_tenure (+1.017) | tenure (+0.204) | Contract_Two year (+0.196),Proactive email — annual contract upgrade incentive
100,4,57.2,223.75,0,0,0,0.6431059,Medium Risk,0,1,charges_per_tenure (+0.752) | PhoneService (+0.362) | Contract_Two year (+0.204),Proactive email — annual contract upgrade incentive
1152,1,19.45,19.45,0,0,0,0.64052147,Medium Risk,0,1,charges_per_tenure (+0.873) | TotalCharges (+0.222) | Contract_Two year (+0.207),Proactive email — annual contract upgrade incentive
1269,25,69.75,1729.35,0,0,1,0.64015055,Medium Risk,0,1,PaymentMethod_Electronic check (+0.361) | Contract_Two year (+0.254) | InternetService_Fiber optic (+0.249),Proactive email — annual contract upgrade incentive
820,1,19.45,19.45,0,0,0,0.63901246,Medium Risk,0,1,charges_per_tenure (+0.704) | Contract_Two year (+0.205) | Contract_One year (+0.183),Proactive email — annual contract upgrade incentive
706,1,20.35,20.35,0,0,0,0.6373133,Medium Risk,0,1,charges_per_tenure (+0.890) | tenure (+0.197) | Contract_Two year (+0.196),Proactive email — annual contract upgrade incentive
698,17,80.85,1400.85,0,0,1,0.6369405,Medium Risk,1,1,PaymentMethod_Electronic check (+0.295) | InternetService_Fiber optic (+0.259) | Contract_Two year (+0.201),Proactive email — annual contract upgrade incentive
22,1,49.3,49.3,0,0,0,0.6349815,Medium Risk,0,1,charges_per_tenure (+0.869) | Contract_Two year (+0.182) | PaymentMethod_Electronic check (+0.177),Proactive email — annual contract upgrade incentive
897,48,108.1,5067.45,0,1,1,0.63280743,Medium Risk,0,1,MonthlyCharges (+0.527) | tenure (+0.260) | InternetService_Fiber optic (+0.232),Check-in call — satisfaction survey + usage review
606,33,105.35,3465.05,0,0,1,0.62891656,Medium Risk,0,1,InternetService_Fiber optic (+0.303) | Contract_Two year (+0.196) | SeniorCitizen (+0.169),Proactive email — annual contract upgrade incentive
101,8,54.4,475.1,0,0,0,0.62826407,Medium Risk,0,1,PaymentMethod_Electronic check (+0.321) | charges_per_tenure (+0.319) | Contract_Two year (+0.184),Proactive email — annual contract upgrade incentive
608,46,103.15,4594.65,1,0,1,0.6272336,Medium Risk,0,1,PaymentMethod_Electronic check (+0.231) | InternetService_Fiber optic (+0.230) | MonthlyCharges (+0.225),Check-in call — satisfaction survey + usage review
330,57,104.9,5913.95,0,0,1,0.6266478,Medium Risk,0,1,InternetService_Fiber optic (+0.329) | MonthlyCharges (+0.307) | Contract_Two year (+0.221),Proactive email — annual contract upgrade incentive
247,7,76.45,503.6,0,0,1,0.62632,Medium Risk,1,1,charges_per_tenure (+0.690) | InternetService_Fiber optic (+0.229) | Contract_Two year (+0.200),Proactive email — annual contract upgrade incentive
102,43,104.3,4451.85,1,0,1,0.6231751,Medium Risk,0,1,MonthlyCharges (+0.396) | InternetService_Fiber optic (+0.215) | MultipleLines (+0.195),Check-in call — satisfaction survey + usage review
335,7,34.5,279.25,0,0,0,0.62310517,Medium Risk,1,1,charges_per_tenure (+0.400) | PhoneService (+0.334) | PaymentMethod_Electronic check (+0.278),Proactive email — annual contract upgrade incentive
713,8,43.35,371.4,0,0,0,0.6225731,Medium Risk,0,1,PhoneService (+0.291) | Contract_Two year (+0.214) | SeniorCitizen (+0.200),Proactive email — annual contract upgrade incentive
527,12,78.95,927.35,0,0,1,0.6221452,Medium Risk,1,1,InternetService_Fiber optic (+0.253) | PaymentMethod_Electronic check (+0.229) | Contract_Two year (+0.192),Proactive email — annual contract upgrade incentive
1013,3,69.15,235.0,0,0,0,0.6199579,Medium Risk,0,1,charges_per_tenure (+0.992) | Contract_Two year (+0.192) | Contract_One year (+0.158),Proactive email — annual contract upgrade incentive
1369,1,24.0,24.0,0,0,0,0.6193486,Medium Risk,0,1,charges_per_tenure (+1.132) | Contract_Two year (+0.190) | Contract_One year (+0.176),Proactive email — annual contract upgrade incentive
840,55,96.75,5238.9,0,0,1,0.61919904,Medium Risk,1,1,InternetService_Fiber optic (+0.317) | PaymentMethod_Electronic check (+0.314) | Contract_Two year (+0.240),Proactive email — annual contract upgrade incentive
347,34,56.25,1765.95,0,0,0,0.61797386,Medium Risk,0,1,PhoneService (+0.433) | Contract_Two year (+0.354) | PaymentMethod_Electronic check (+0.273),Proactive email — annual contract upgrade incentive
1197,24,78.85,1772.25,0,0,1,0.6174593,Medium Risk,1,1,PaymentMethod_Electronic check (+0.283) | InternetService_Fiber optic (+0.234) | Contract_Two year (+0.224),Proactive email — annual contract upgrade incentive
1057,32,91.05,2871.5,0,0,1,0.6173104,Medium Risk,0,1,PaymentMethod_Electronic check (+0.302) | InternetService_Fiber optic (+0.262) | Contract_Two year (+0.262),Proactive email — annual contract upgrade incentive
227,69,99.45,7007.6,0,0,1,0.6165844,Medium Risk,1,1,MonthlyCharges (+0.438) | InternetService_Fiber optic (+0.301) | Contract_Two year (+0.274),Proactive email — annual contract upgrade incentive
666,38,101.15,3956.7,0,0,1,0.6163211,Medium Risk,0,1,InternetService_Fiber optic (+0.309) | Contract_Two year (+0.231) | MultipleLines (+0.172),Proactive email — annual contract upgrade incentive
268,32,80.35,2596.15,0,0,1,0.6158537,Medium Risk,1,1,InternetService_Fiber optic (+0.297) | Contract_Two year (+0.258) | Contract_One year (+0.222),Proactive email — annual contract upgrade incentive
651,13,79.8,973.45,0,0,1,0.6150788,Medium Risk,1,1,InternetService_Fiber optic (+0.291) | PaymentMethod_Electronic check (+0.237) | Contract_Two year (+0.201),Proactive email — annual contract upgrade incentive
1223,6,50.35,314.55,0,0,0,0.6145149,Medium Risk,0,1,PaymentMethod_Electronic check (+0.272) | charges_per_tenure (+0.194) | Contract_Two year (+0.191),Proactive email — annual contract upgrade incentive
413,45,89.3,4192.15,0,0,1,0.61289006,Medium Risk,0,1,InternetService_Fiber optic (+0.336) | Contract_Two year (+0.294) | Contract_One year (+0.212),Proactive email — annual contract upgrade incentive
810,1,62.05,62.05,0,0,0,0.61256397,Medium Risk,1,1,charges_per_tenure (+1.654) | Contract_Two year (+0.190) | MultipleLines (+0.168),Proactive email — annual contract upgrade incentive
1234,1,19.65,19.65,0,0,0,0.6124355,Medium Risk,0,1,charges_per_tenure (+0.859) | Contract_Two year (+0.207) | Contract_One year (+0.201),Proactive email — annual contract upgrade incentive
720,10,110.1,1043.3,0,0,1,0.6121931,Medium Risk,1,1,charges_per_tenure (+0.673) | InternetService_Fiber optic (+0.247) | Contract_Two year (+0.169),Proactive email — annual contract upgrade incentive
625,7,74.35,533.6,0,0,1,0.6117847,Medium Risk,0,1,charges_per_tenure (+0.752) | InternetService_Fiber optic (+0.232) | Contract_Two year (+0.199),Proactive email — annual contract upgrade incentive
801,16,89.05,1448.6,0,0,1,0.6108025,Medium Risk,1,1,charges_per_tenure (+0.316) | InternetService_Fiber optic (+0.306) | Contract_Two year (+0.205),Proactive email — annual contract upgrade incentive
467,27,101.25,2754.45,0,0,1,0.61054087,Medium Risk,1,1,InternetService_Fiber optic (+0.230) | Contract_Two year (+0.220) | PaymentMethod_Electronic check (+0.216),Proactive email — annual contract upgrade incentive
371,1,19.55,19.55,0,0,0,0.61053675,Medium Risk,0,1,charges_per_tenure (+0.845) | Contract_Two year (+0.207) | Contract_One year (+0.202),Proactive email — annual contract upgrade incentive
551,14,90.45,1266.1,0,0,1,0.60979444,Medium Risk,1,1,InternetService_Fiber optic (+0.278) | Contract_Two year (+0.217) | SeniorCitizen (+0.188),Proactive email — annual contract upgrade incentive
57,9,75.85,647.5,0,0,1,0.60816437,Medium Risk,0,1,charges_per_tenure (+0.421) | InternetService_Fiber optic (+0.258) | Contract_Two year (+0.194),Proactive email — annual contract upgrade incentive
452,4,105.65,443.9,1,0,1,0.607563,Medium Risk,1,1,charges_per_tenure (+0.799) | InternetService_Fiber optic (+0.197) | Contract_Two year (+0.166),Check-in call — satisfaction survey + usage review
233,3,86.05,244.85,0,0,1,0.6067156,Medium Risk,0,1,charges_per_tenure (+0.865) | InternetService_Fiber optic (+0.223) | Contract_Two year (+0.208),Proactive email — annual contract upgrade incentive
623,54,90.05,4931.8,0,0,1,0.6065356,Medium Risk,0,1,Contract_Two year (+0.381) | InternetService_Fiber optic (+0.290) | Contract_One year (+0.229),Proactive email — annual contract upgrade incentive
674,24,88.95,2072.75,0,0,1,0.60618687,Medium Risk,0,1,InternetService_Fiber optic (+0.266) | Contract_Two year (+0.222) | Contract_One year (+0.208),Proactive email — annual contract upgrade incentive
195,11,64.9,716.1,0,0,0,0.60550344,Medium Risk,0,1,PaymentMethod_Electronic check (+0.285) | charges_per_tenure (+0.188) | Contract_Two year (+0.186),Proactive email — annual contract upgrade incentive
611,6,30.5,208.7,0,0,0,0.60493016,Medium Risk,1,1,PhoneService (+0.349) | Contract_Two year (+0.211) | Contract_One year (+0.164),Proactive email — annual contract upgrade incentive
1272,34,84.05,2909.95,0,0,1,0.60336655,Medium Risk,0,1,InternetService_Fiber optic (+0.283) | Contract_Two year (+0.253) | Contract_One year (+0.196),Proactive email — annual contract upgrade incentive
213,13,104.15,1299.1,1,0,1,0.59983623,Medium Risk,0,1,charges_per_tenure (+0.504) | MonthlyCharges (+0.289) | InternetService_Fiber optic (+0.263),Check-in call — satisfaction survey + usage review
1389,1,55.7,55.7,0,0,0,0.59898967,Medium Risk,0,1,charges_per_tenure (+1.124) | Contract_Two year (+0.198) | Contract_One year (+0.164),Proactive email — annual contract upgrade incentive
887,4,49.35,219.65,0,0,0,0.5964663,Medium Risk,1,1,charges_per_tenure (+0.628) | PaymentMethod_Electronic check (+0.220) | Contract_Two year (+0.190),Proactive email — annual contract upgrade incentive
536,34,69.15,2275.1,0,0,1,0.59462017,Medium Risk,0,1,Contract_Two year (+0.311) | InternetService_Fiber optic (+0.286) | Contract_One year (+0.282),Proactive email — annual contract upgrade incentive
317,41,40.35,1677.85,0,0,0,0.5937724,Medium Risk,0,1,PhoneService (+0.478) | PaymentMethod_Electronic check (+0.340) | Contract_Two year (+0.285),Proactive email — annual contract upgrade incentive
412,25,89.15,2257.75,0,0,1,0.5927371,Medium Risk,1,1,InternetService_Fiber optic (+0.287) | Contract_Two year (+0.223) | Contract_One year (+0.199),Proactive email — annual contract upgrade incentive
106,20,89.0,1820.45,0,0,1,0.59179324,Medium Risk,1,1,InternetService_Fiber optic (+0.265) | Contract_Two year (+0.207) | charges_per_tenure (+0.177),Proactive email — annual contract upgrade incentive
440,47,98.75,4533.7,0,0,1,0.59131694,Medium Risk,1,1,InternetService_Fiber optic (+0.319) | PaymentMethod_Electronic check (+0.261) | Contract_Two year (+0.247),Proactive email — annual contract upgrade incentive
56,1,49.8,49.8,0,0,0,0.59100753,Medium Risk,0,1,charges_per_tenure (+0.675) | Contract_Two year (+0.197) | Contract_One year (+0.166),Proactive email — annual contract upgrade incentive
632,1,54.9,54.9,0,0,0,0.59089583,Medium Risk,1,1,charges_per_tenure (+0.871) | Contract_Two year (+0.189) | Contract_One year (+0.171),Proactive email — annual contract upgrade incentive
739,2,49.2,103.7,0,0,0,0.5895452,Medium Risk,0,1,charges_per_tenure (+0.986) | Contract_Two year (+0.200) | Contract_One year (+0.180),Proactive email — annual contract upgrade incentive
273,46,85.0,3969.4,0,0,1,0.5884795,Medium Risk,1,1,Contract_Two year (+0.302) | InternetService_Fiber optic (+0.267) | SeniorCitizen (+0.263),Proactive email — annual contract upgrade incentive
125,1,25.0,25.0,0,0,0,0.5879447,Medium Risk,0,1,charges_per_tenure (+1.100) | Contract_Two year (+0.186) | tenure (+0.168),Proactive email — annual contract upgrade incentive
73,34,79.6,2718.3,0,0,1,0.5879257,Medium Risk,1,1,Contract_Two year (+0.251) | InternetService_Fiber optic (+0.249) | Contract_One year (+0.223),Proactive email — annual contract upgrade incentive
1185,13,89.05,1169.35,0,0,1,0.58749056,Medium Risk,1,1,InternetService_Fiber optic (+0.312) | charges_per_tenure (+0.223) | Contract_Two year (+0.210),Proactive email — annual contract upgrade incentive
639,22,84.15,1821.95,0,0,1,0.5856109,Medium Risk,0,1,InternetService_Fiber optic (+0.269) | Contract_Two year (+0.223) | Contract_One year (+0.203),Proactive email — annual contract upgrade incentive
1319,41,81.3,3190.65,0,0,1,0.5852347,Medium Risk,0,1,InternetService_Fiber optic (+0.325) | Contract_Two year (+0.280) | Contract_One year (+0.249),Proactive email — annual contract upgrade incentive
21,4,64.4,253.0,0,0,0,0.5824998,Medium Risk,0,1,charges_per_tenure (+0.918) | Contract_Two year (+0.188) | Contract_One year (+0.156),Proactive email — annual contract upgrade incentive
716,26,92.4,2349.8,0,0,1,0.58058035,Medium Risk,0,1,InternetService_Fiber optic (+0.285) | Contract_One year (+0.204) | Contract_Two year (+0.198),Proactive email — annual contract upgrade incentive
419,28,81.05,2227.1,0,0,1,0.57775193,Medium Risk,1,1,PaymentMethod_Electronic check (+0.290) | InternetService_Fiber optic (+0.271) | Contract_Two year (+0.256),Proactive email — annual contract upgrade incentive
201,58,107.75,6332.75,1,0,1,0.5775204,Medium Risk,0,1,PaymentMethod_Electronic check (+0.269) | InternetService_Fiber optic (+0.242) | TotalCharges (+0.241),Check-in call — satisfaction survey + usage review
1068,9,44.4,348.15,0,0,0,0.57689434,Medium Risk,0,1,charges_per_tenure (+0.274) | Contract_Two year (+0.198) | Contract_One year (+0.146),Proactive email — annual contract upgrade incentive
1268,20,79.15,1520.9,0,0,1,0.5754552,Medium Risk,1,1,PaymentMethod_Electronic check (+0.275) | InternetService_Fiber optic (+0.232) | Contract_Two year (+0.215),Proactive email — annual contract upgrade incentive
307,11,41.6,470.6,1,0,0,0.57529646,Medium Risk,1,1,PaymentMethod_Electronic check (+0.348) | PhoneService (+0.320) | charges_per_tenure (+0.174),Check-in call — satisfaction survey + usage review
1171,4,44.55,220.75,0,0,0,0.57488805,Medium Risk,0,1,charges_per_tenure (+0.610) | Contract_Two year (+0.201) | Contract_One year (+0.162),Proactive email — annual contract upgrade incentive
999,53,106.95,5785.5,1,0,1,0.5740747,Medium Risk,1,1,InternetService_Fiber optic (+0.234) | StreamingMovies (+0.160) | MonthlyCharges (+0.160),Check-in call — satisfaction survey + usage review
221,2,74.4,139.4,0,0,1,0.5707609,Medium Risk,1,1,charges_per_tenure (+0.411) | Contract_Two year (+0.198) | Contract_One year (+0.163),Proactive email — annual contract upgrade incentive
230,1,19.4,19.4,0,0,0,0.5702795,Medium Risk,1,1,charges_per_tenure (+0.814) | Contract_Two year (+0.203) | Contract_One year (+0.199),Proactive email — annual contract upgrade incentive
1328,33,93.35,3092.0,0,0,1,0.56797713,Medium Risk,0,1,InternetService_Fiber optic (+0.281) | PaymentMethod_Electronic check (+0.276) | Contract_Two year (+0.226),Proactive email — annual contract upgrade incentive
789,36,90.85,3186.7,0,0,1,0.56708324,Medium Risk,1,1,Contract_Two year (+0.257) | PaymentMethod_Electronic check (+0.253) | InternetService_Fiber optic (+0.230),Proactive email — annual contract upgrade incentive
723,18,84.3,1537.9,0,0,1,0.56612766,Medium Risk,0,1,InternetService_Fiber optic (+0.282) | Contract_Two year (+0.207) | Contract_One year (+0.182),Proactive email — annual contract upgrade incentive
1279,67,105.4,6989.45,1,0,1,0.56604725,Medium Risk,0,1,MonthlyCharges (+0.433) | InternetService_Fiber optic (+0.251) | tenure (+0.241),Check-in call — satisfaction survey + usage review
576,3,25.0,78.25,0,0,0,0.55906874,Medium Risk,0,1,PhoneService (+0.327) | Contract_Two year (+0.215) | Contract_One year (+0.168),Proactive email — annual contract upgrade incentive
310,17,76.65,1313.55,0,0,1,0.55414176,Medium Risk,1,1,PaymentMethod_Electronic check (+0.261) | InternetService_Fiber optic (+0.232) | Contract_Two year (+0.199),Proactive email — annual contract upgrade incentive
889,3,31.0,95.05,0,0,0,0.5539751,Medium Risk,1,1,charges_per_tenure (+0.597) | PhoneService (+0.273) | Contract_Two year (+0.199),Proactive email — annual contract upgrade incentive
844,1,49.75,49.75,0,0,0,0.5538615,Medium Risk,0,1,charges_per_tenure (+0.479) | Contract_Two year (+0.191) | Contract_One year (+0.166),Proactive email — annual contract upgrade incentive
305,5,44.05,202.15,0,0,0,0.55361396,Medium Risk,0,1,charges_per_tenure (+0.265) | Contract_Two year (+0.202) | Contract_One year (+0.171),Proactive email — annual contract upgrade incentive
690,68,108.45,7176.55,1,0,1,0.5519138,Medium Risk,1,1,tenure (+0.242) | InternetService_Fiber optic (+0.232) | PaymentMethod_Electronic check (+0.230),Check-in call — satisfaction survey + usage review
189,22,89.1,1949.4,0,0,1,0.5518348,Medium Risk,0,1,InternetService_Fiber optic (+0.297) | Contract_Two year (+0.225) | Contract_One year (+0.185),Proactive email — annual contract upgrade incentive
183,5,50.6,249.95,0,0,0,0.551037,Medium Risk,1,1,charges_per_tenure (+0.553) | Contract_Two year (+0.192) | Contract_One year (+0.171),Proactive email — annual contract upgrade incentive
322,50,103.95,5231.3,1,0,1,0.5505483,Medium Risk,0,1,PaymentMethod_Electronic check (+0.240) | InternetService_Fiber optic (+0.239) | MonthlyCharges (+0.237),Check-in call — satisfaction survey + usage review
735,42,55.65,2421.75,0,0,0,0.54850525,Medium Risk,0,1,Contract_Two year (+0.329) | SeniorCitizen (+0.280) | PaymentMethod_Electronic check (+0.260),Proactive email — annual contract upgrade incentive
1073,1,20.05,20.05,0,0,0,0.54760087,Medium Risk,0,1,charges_per_tenure (+0.970) | Contract_Two year (+0.198) | Contract_One year (+0.189),Proactive email — annual contract upgrade incentive
646,33,91.25,2964.05,0,0,1,0.5471662,Medium Risk,0,1,PaymentMethod_Electronic check (+0.312) | InternetService_Fiber optic (+0.262) | Contract_Two year (+0.259),Proactive email — annual contract upgrade incentive
971,13,25.15,331.85,0,0,0,0.5462988,Medium Risk,0,1,PhoneService (+0.452) | Contract_Two year (+0.303) | Contract_One year (+0.204),Proactive email — annual contract upgrade incentive
1158,33,95.0,3008.15,0,0,1,0.54558754,Medium Risk,0,1,InternetService_Fiber optic (+0.280) | Contract_Two year (+0.205) | MultipleLines (+0.176),Proactive email — annual contract upgrade incentive
1288,3,50.5,147.75,0,0,0,0.54231,Medium Risk,0,1,charges_per_tenure (+0.933) | Contract_Two year (+0.192) | Contract_One year (+0.154),Proactive email — annual contract upgrade incentive
401,3,50.25,152.3,0,0,0,0.54231,Medium Risk,0,1,charges_per_tenure (+0.933) | Contract_Two year (+0.192) | Contract_One year (+0.154),Proactive email — annual contract upgrade incentive
579,53,108.25,5935.1,0,0,1,0.5420306,Medium Risk,0,1,InternetService_Fiber optic (+0.330) | Contract_Two year (+0.181) | tenure (+0.152),Proactive email — annual contract upgrade incentive
734,7,44.25,313.45,0,0,0,0.5420146,Medium Risk,0,1,charges_per_tenure (+0.270) | Contract_Two year (+0.198) | Contract_One year (+0.155),Proactive email — annual contract upgrade incentive
1109,67,116.1,7839.85,0,1,1,0.54196835,Medium Risk,0,1,MonthlyCharges (+0.381) | tenure (+0.345) | TotalCharges (+0.321),Check-in call — satisfaction survey + usage review
643,28,89.9,2433.5,0,0,1,0.541055,Medium Risk,0,1,InternetService_Fiber optic (+0.265) | TotalCharges (+0.261) | Contract_Two year (+0.237),Proactive email — annual contract upgrade incentive
234,30,90.5,2595.85,0,0,1,0.54103994,Medium Risk,0,1,Contract_Two year (+0.265) | InternetService_Fiber optic (+0.250) | SeniorCitizen (+0.239),Proactive email — annual contract upgrade incentive
1221,15,48.8,720.1,0,0,0,0.5395857,Medium Risk,0,1,Contract_Two year (+0.220) | Contract_One year (+0.159) | TotalCharges (+0.145),Proactive email — annual contract upgrade incentive
142,22,100.05,2090.25,1,0,1,0.5360573,Medium Risk,0,1,MonthlyCharges (+0.420) | charges_per_tenure (+0.228) | InternetService_Fiber optic (+0.195),Check-in call — satisfaction survey + usage review
1007,1,49.95,49.95,0,0,0,0.5354708,Medium Risk,0,1,charges_per_tenure (+0.617) | Contract_Two year (+0.194) | Contract_One year (+0.176),Proactive email — annual contract upgrade incentive
993,16,72.65,1194.3,0,0,1,0.5329873,Medium Risk,1,1,PaymentMethod_Electronic check (+0.273) | InternetService_Fiber optic (+0.214) | Contract_Two year (+0.201),Proactive email — annual contract upgrade incentive
489,48,111.45,5315.1,0,0,1,0.5306136,Medium Risk,0,1,InternetService_Fiber optic (+0.285) | TotalCharges (+0.213) | Contract_Two year (+0.168),Proactive email — annual contract upgrade incentive
1096,68,95.9,6503.2,0,0,1,0.5301446,Medium Risk,0,1,InternetService_Fiber optic (+0.264) | Contract_Two year (+0.237) | PaymentMethod_Electronic check (+0.231),Proactive email — annual contract upgrade incentive
762,12,95.7,1184.0,1,0,1,0.52923113,Medium Risk,0,1,charges_per_tenure (+0.318) | InternetService_Fiber optic (+0.201) | PaymentMethod_Electronic check (+0.189),Check-in call — satisfaction survey + usage review
854,48,95.4,4445.3,0,0,1,0.5284171,Medium Risk,0,1,InternetService_Fiber optic (+0.305) | PaymentMethod_Electronic check (+0.259) | Contract_One year (+0.186),Proactive email — annual contract upgrade incentive
870,29,45.9,1332.4,0,0,0,0.5282567,Medium Risk,0,1,Contract_Two year (+0.325) | PhoneService (+0.293) | PaymentMethod_Electronic check (+0.289),Proactive email — annual contract upgrade incentive
1170,43,29.3,1224.05,0,0,0,0.52739686,Medium Risk,0,1,PhoneService (+0.335) | Contract_Two year (+0.327) | Contract_One year (+0.221),Proactive email — annual contract upgrade incentive
151,4,50.05,179.35,0,0,0,0.52719593,Medium Risk,1,1,charges_per_tenure (+0.874) | Contract_Two year (+0.196) | Contract_One year (+0.155),Proactive email — annual contract upgrade incentive
1316,52,102.7,5138.1,0,0,1,0.52632636,Medium Risk,0,1,InternetService_Fiber optic (+0.340) | Contract_Two year (+0.236) | MonthlyCharges (+0.230),Proactive email — annual contract upgrade incentive
243,32,84.15,2585.95,0,0,1,0.52523685,Medium Risk,1,1,InternetService_Fiber optic (+0.282) | Contract_Two year (+0.268) | Contract_One year (+0.186),Proactive email — annual contract upgrade incentive
558,13,78.3,1033.95,0,0,1,0.5217128,Medium Risk,0,1,InternetService_Fiber optic (+0.302) | Contract_Two year (+0.202) | Contract_One year (+0.155),Proactive email — annual contract upgrade incentive
513,71,108.55,7616.0,0,1,1,0.5205483,Medium Risk,0,1,MonthlyCharges (+0.771) | TotalCharges (+0.625) | InternetService_Fiber optic (+0.195),Check-in call — satisfaction survey + usage review
691,46,110.2,4972.1,0,0,1,0.51928777,Medium Risk,0,1,InternetService_Fiber optic (+0.237) | SeniorCitizen (+0.197) | Contract_Two year (+0.174),Proactive email — annual contract upgrade incentive
969,5,46.0,221.7,0,0,0,0.51819986,Medium Risk,1,1,charges_per_tenure (+0.423) | Contract_Two year (+0.196) | Contract_One year (+0.171),Proactive email — annual contract upgrade incentive
1130,20,89.4,1871.15,0,0,1,0.5179484,Medium Risk,0,1,InternetService_Fiber optic (+0.245) | Contract_Two year (+0.199) | Contract_One year (+0.189),Proactive email — annual contract upgrade incentive
1128,1,53.95,53.95,0,0,0,0.5177291,Medium Risk,1,1,charges_per_tenure (+0.812) | Contract_Two year (+0.178) | PaymentMethod_Electronic check (+0.175),Proactive email — annual contract upgrade incentive
658,18,87.9,1500.5,0,0,1,0.5176239,Medium Risk,0,1,InternetService_Fiber optic (+0.278) | Contract_Two year (+0.201) | charges_per_tenure (+0.191),Proactive email — annual contract upgrade incentive
1094,48,105.25,4997.5,0,0,1,0.51756066,Medium Risk,0,1,InternetService_Fiber optic (+0.340) | Contract_Two year (+0.210) | Contract_One year (+0.162),Proactive email — annual contract upgrade incentive
522,22,81.7,1820.9,0,0,1,0.51723444,Medium Risk,0,1,PaymentMethod_Electronic check (+0.250) | InternetService_Fiber optic (+0.231) | Contract_Two year (+0.220),Proactive email — annual contract upgrade incentive
1265,18,75.6,1395.05,0,0,1,0.5141604,Medium Risk,0,1,InternetService_Fiber optic (+0.273) | Contract_Two year (+0.218) | Contract_One year (+0.198),Proactive email — annual contract upgrade incentive
712,6,44.7,276.5,0,0,0,0.5134003,Medium Risk,0,1,Contract_Two year (+0.200) | SeniorCitizen (+0.196) | Contract_One year (+0.167),Proactive email — annual contract upgrade incentive
1004,36,87.55,3078.1,0,0,1,0.5133261,Medium Risk,1,1,PaymentMethod_Electronic check (+0.283) | InternetService_Fiber optic (+0.255) | Contract_Two year (+0.251),Proactive email — annual contract upgrade incentive
970,23,90.0,2024.1,0,0,1,0.51275814,Medium Risk,0,1,InternetService_Fiber optic (+0.264) | PaymentMethod_Electronic check (+0.231) | Contract_Two year (+0.222),Proactive email — annual contract upgrade incentive
363,57,89.85,4925.35,0,0,1,0.51177055,Medium Risk,0,1,Contract_Two year (+0.383) | InternetService_Fiber optic (+0.290) | PaymentMethod_Electronic check (+0.230),Proactive email — annual contract upgrade incentive
427,1,19.3,19.3,0,0,0,0.5104107,Medium Risk,1,1,charges_per_tenure (+0.815) | TotalCharges (+0.244) | Contract_Two year (+0.195),Proactive email — annual contract upgrade incentive
798,59,88.75,5348.65,0,0,1,0.51003236,Medium Risk,0,1,Contract_Two year (+0.357) | InternetService_Fiber optic (+0.301) | Contract_One year (+0.215),Proactive email — annual contract upgrade incentive
297,8,29.35,216.45,0,0,0,0.50985783,Medium Risk,0,1,PhoneService (+0.384) | Contract_Two year (+0.229) | Contract_One year (+0.185),Proactive email — annual contract upgrade incentive
891,49,97.95,4917.9,1,0,1,0.50941926,Medium Risk,0,1,PaymentMethod_Electronic check (+0.258) | InternetService_Fiber optic (+0.237) | MonthlyCharges (+0.226),Check-in call — satisfaction survey + usage review
619,6,45.65,323.45,0,0,0,0.5083773,Medium Risk,0,1,charges_per_tenure (+0.211) | Contract_Two year (+0.199) | Contract_One year (+0.161),Proactive email — annual contract upgrade incentive
809,15,69.0,994.8,0,0,1,0.507171,Medium Risk,1,1,InternetService_Fiber optic (+0.248) | Contract_Two year (+0.199) | Contract_One year (+0.174),Proactive email — annual contract upgrade incentive
1168,4,50.7,151.3,0,0,0,0.5069084,Medium Risk,1,1,charges_per_tenure (+0.681) | Contract_Two year (+0.200) | Contract_One year (+0.178),Proactive email — annual contract upgrade incentive
546,27,75.75,1929.0,0,0,1,0.5069041,Medium Risk,0,1,InternetService_Fiber optic (+0.296) | Contract_Two year (+0.254) | Contract_One year (+0.220),Proactive email — annual contract upgrade incentive
116,37,91.15,3369.25,0,0,1,0.5064936,Medium Risk,0,1,PaymentMethod_Electronic check (+0.302) | InternetService_Fiber optic (+0.261) | Contract_Two year (+0.251),Proactive email — annual contract upgrade incentive
778,15,58.95,955.15,0,0,0,0.50534385,Medium Risk,0,1,PaymentMethod_Electronic check (+0.337) | Contract_Two year (+0.201) | Contract_One year (+0.162),Proactive email — annual contract upgrade incentive
350,63,103.5,6479.4,0,0,1,0.50388235,Medium Risk,0,1,Contract_Two year (+0.322) | InternetService_Fiber optic (+0.306) | PaymentMethod_Electronic check (+0.217),Proactive email — annual contract upgrade incentive
958,1,20.25,20.25,0,0,0,0.5027891,Medium Risk,1,1,charges_per_tenure (+0.910) | Contract_Two year (+0.199) | Contract_One year (+0.189),Proactive email — annual contract upgrade incentive
466,8,60.0,487.75,0,0,0,0.5015502,Medium Risk,0,1,PaymentMethod_Electronic check (+0.307) | charges_per_tenure (+0.237) | Contract_Two year (+0.181),Proactive email — annual contract upgrade incentive
765,1,20.55,20.55,0,0,0,0.49965155,Medium Risk,1,0,charges_per_tenure (+0.827) | Contract_Two year (+0.187) | Contract_One year (+0.173),Proactive email — annual contract upgrade incentive
1214,50,106.8,5347.95,1,0,1,0.4987364,Medium Risk,0,0,InternetService_Fiber optic (+0.251) | PaymentMethod_Electronic check (+0.181) | Contract_Two year (+0.148),Check-in call — satisfaction survey + usage review
97,46,99.8,4391.25,0,0,1,0.49871692,Medium Risk,0,0,InternetService_Fiber optic (+0.337) | Contract_Two year (+0.257) | Contract_One year (+0.208),Proactive email — annual contract upgrade incentive
1402,12,45.0,524.35,0,0,0,0.4970776,Medium Risk,0,0,Contract_Two year (+0.215) | Contract_One year (+0.160) | PaperlessBilling (+0.125),Proactive email — annual contract upgrade incentive
181,37,106.75,4056.75,0,0,1,0.4966249,Medium Risk,1,0,InternetService_Fiber optic (+0.252) | Contract_Two year (+0.215) | SeniorCitizen (+0.182),Proactive email — annual contract upgrade incentive
1162,45,100.15,4459.8,1,0,1,0.49469498,Medium Risk,0,0,MonthlyCharges (+0.230) | InternetService_Fiber optic (+0.199) | SeniorCitizen (+0.190),Check-in call — satisfaction survey + usage review
1296,44,106.05,4510.8,1,0,1,0.4942482,Medium Risk,0,0,MonthlyCharges (+0.416) | PaymentMethod_Electronic check (+0.238) | InternetService_Fiber optic (+0.204),Check-in call — satisfaction survey + usage review
252,24,79.65,1928.7,0,0,1,0.49268562,Medium Risk,0,0,InternetService_Fiber optic (+0.243) | Contract_Two year (+0.220) | Contract_One year (+0.198),Proactive email — annual contract upgrade incentive
1293,3,64.5,177.4,0,0,0,0.49241415,Medium Risk,0,0,charges_per_tenure (+0.846) | Contract_Two year (+0.194) | gender (+0.154),Proactive email — annual contract upgrade incentive
383,61,99.15,6010.05,0,0,1,0.4923085,Medium Risk,1,0,InternetService_Fiber optic (+0.338) | Contract_Two year (+0.316) | PaymentMethod_Electronic check (+0.281),Proactive email — annual contract upgrade incentive
281,22,89.25,1907.85,0,0,1,0.49187526,Medium Risk,1,0,PaymentMethod_Electronic check (+0.301) | InternetService_Fiber optic (+0.234) | Contract_Two year (+0.222),Proactive email — annual contract upgrade incentive
930,7,43.9,278.4,0,0,0,0.49152112,Medium Risk,0,0,charges_per_tenure (+0.207) | Contract_Two year (+0.200) | Contract_One year (+0.152),Proactive email — annual contract upgrade incentive
388,4,35.0,135.75,0,0,0,0.4874724,Medium Risk,0,0,PhoneService (+0.303) | Contract_Two year (+0.209) | Contract_One year (+0.187),Proactive email — annual contract upgrade incentive
803,40,105.75,4228.55,1,0,1,0.4873258,Medium Risk,0,0,MonthlyCharges (+0.458) | InternetService_Fiber optic (+0.196) | Contract_Two year (+0.162),Check-in call — satisfaction survey + usage review
968,60,104.35,6339.45,1,0,1,0.48721752,Medium Risk,0,0,PaymentMethod_Electronic check (+0.269) | MonthlyCharges (+0.247) | InternetService_Fiber optic (+0.244),Check-in call — satisfaction survey + usage review
301,61,114.1,7132.15,0,0,1,0.4837114,Medium Risk,0,0,InternetService_Fiber optic (+0.333) | PaymentMethod_Electronic check (+0.231) | Contract_Two year (+0.203),Proactive email — annual contract upgrade incentive
1309,55,73.1,4144.9,0,0,1,0.4830127,Medium Risk,0,0,PaymentMethod_Electronic check (+0.343) | Contract_Two year (+0.324) | InternetService_Fiber optic (+0.251),Proactive email — annual contract upgrade incentive
217,21,28.5,629.35,0,0,0,0.48289764,Medium Risk,0,0,PhoneService (+0.403) | PaymentMethod_Electronic check (+0.290) | Contract_Two year (+0.288),Proactive email — annual contract upgrade incentive
1336,30,100.45,3096.9,0,0,1,0.48280504,Medium Risk,0,0,PaymentMethod_Electronic check (+0.299) | InternetService_Fiber optic (+0.253) | Contract_Two year (+0.217),Proactive email — annual contract upgrade incentive
138,46,89.15,4245.55,0,0,1,0.4825991,Medium Risk,0,0,InternetService_Fiber optic (+0.334) | Contract_Two year (+0.291) | Contract_One year (+0.257),Proactive email — annual contract upgrade incentive
684,50,71.05,3444.85,0,0,1,0.48046216,Medium Risk,1,0,Contract_Two year (+0.357) | PaymentMethod_Electronic check (+0.280) | Contract_One year (+0.247),Proactive email — annual contract upgrade incentive
241,8,19.65,164.3,0,0,0,0.47943056,Medium Risk,1,0,SeniorCitizen (+0.265) | Contract_Two year (+0.253) | Contract_One year (+0.232),Proactive email — annual contract upgrade incentive
1243,47,103.7,4730.6,1,0,1,0.4783272,Medium Risk,0,0,InternetService_Fiber optic (+0.198) | Contract_Two year (+0.182) | PaymentMethod_Electronic check (+0.179),Check-in call — satisfaction survey + usage review
566,17,70.4,1214.05,0,0,1,0.477831,Medium Risk,1,0,InternetService_Fiber optic (+0.235) | Contract_Two year (+0.222) | Contract_One year (+0.178),Proactive email — annual contract upgrade incentive
1191,36,97.35,3457.9,0,0,1,0.47733235,Medium Risk,1,0,InternetService_Fiber optic (+0.299) | Contract_Two year (+0.226) | Contract_One year (+0.203),Proactive email — annual contract upgrade incentive
507,55,81.55,4509.5,0,0,1,0.4746421,Medium Risk,0,0,Contract_Two year (+0.352) | PaymentMethod_Electronic check (+0.312) | InternetService_Fiber optic (+0.309),Proactive email — annual contract upgrade incentive
747,6,48.8,297.35,0,0,0,0.47405297,Medium Risk,0,0,charges_per_tenure (+0.299) | Contract_Two year (+0.190) | TotalCharges (+0.158),Proactive email — annual contract upgrade incentive
771,18,77.8,1358.6,0,0,1,0.47164112,Medium Risk,0,0,PaymentMethod_Electronic check (+0.307) | InternetService_Fiber optic (+0.266) | Contract_Two year (+0.202),Proactive email — annual contract upgrade incentive
1341,12,81.7,858.6,0,0,1,0.47025463,Medium Risk,1,0,InternetService_Fiber optic (+0.235) | Contract_Two year (+0.200) | Contract_One year (+0.164),Proactive email — annual contract upgrade incentive
588,66,104.6,6819.45,1,0,1,0.46866262,Medium Risk,0,0,MonthlyCharges (+0.329) | Contract_Two year (+0.249) | InternetService_Fiber optic (+0.205),Check-in call — satisfaction survey + usage review
719,51,98.85,4947.55,1,0,1,0.46837366,Medium Risk,0,0,PaymentMethod_Electronic check (+0.305) | InternetService_Fiber optic (+0.243) | Contract_Two year (+0.186),Check-in call — satisfaction survey + usage review
727,1,49.9,49.9,0,0,0,0.46834975,Medium Risk,1,0,charges_per_tenure (+0.916) | Contract_Two year (+0.188) | Contract_One year (+0.146),Proactive email — annual contract upgrade incentive
833,45,34.2,1596.6,1,0,0,0.46739858,Medium Risk,0,0,PhoneService (+0.437) | PaymentMethod_Electronic check (+0.396) | Contract_Two year (+0.210),Check-in call — satisfaction survey + usage review
577,3,23.6,89.05,0,0,0,0.4671385,Medium Risk,0,0,charges_per_tenure (+0.205) | Contract_Two year (+0.193) | Contract_One year (+0.159),Proactive email — annual contract upgrade incentive
404,44,84.8,3626.35,0,0,1,0.46406743,Medium Risk,0,0,InternetService_Fiber optic (+0.333) | Contract_Two year (+0.297) | Contract_One year (+0.239),Proactive email — annual contract upgrade incentive
530,54,100.05,5299.65,1,0,1,0.46397728,Medium Risk,0,0,MonthlyCharges (+0.318) | InternetService_Fiber optic (+0.248) | Contract_Two year (+0.203),Check-in call — satisfaction survey + usage review
1387,7,81.25,580.1,0,0,0,0.46332836,Medium Risk,0,0,charges_per_tenure (+0.828) | Contract_Two year (+0.192) | gender (+0.108),Proactive email — annual contract upgrade incentive
626,10,29.75,301.9,0,0,0,0.46240094,Medium Risk,0,0,PhoneService (+0.383) | Contract_Two year (+0.258) | TotalCharges (+0.215),Proactive email — annual contract upgrade incentive
1323,60,89.45,5294.6,0,0,1,0.46227065,Medium Risk,0,0,Contract_Two year (+0.365) | InternetService_Fiber optic (+0.284) | PaymentMethod_Electronic check (+0.251),Proactive email — annual contract upgrade incentive
767,32,109.55,3608.0,1,0,1,0.4581133,Medium Risk,0,0,InternetService_Fiber optic (+0.205) | StreamingMovies (+0.155) | Contract_Two year (+0.146),Check-in call — satisfaction survey + usage review
595,22,90.5,1910.6,0,0,1,0.4579523,Medium Risk,1,0,InternetService_Fiber optic (+0.258) | Contract_Two year (+0.220) | Contract_One year (+0.192),Proactive email — annual contract upgrade incentive
676,34,108.9,3625.2,0,0,1,0.45757005,Medium Risk,0,0,InternetService_Fiber optic (+0.277) | PaymentMethod_Electronic check (+0.211) | SeniorCitizen (+0.183),Proactive email — annual contract upgrade incentive
1120,3,69.35,191.35,0,0,0,0.45605758,Medium Risk,1,0,charges_per_tenure (+0.723) | Contract_Two year (+0.187) | PaymentMethod_Electronic check (+0.151),Proactive email — annual contract upgrade incentive
1150,18,58.4,964.9,0,0,0,0.45344368,Medium Risk,0,0,SeniorCitizen (+0.279) | Contract_Two year (+0.212) | Contract_One year (+0.168),Proactive email — annual contract upgrade incentive
1250,22,89.05,1886.25,0,0,1,0.4533474,Medium Risk,0,0,PaymentMethod_Electronic check (+0.267) | InternetService_Fiber optic (+0.220) | Contract_Two year (+0.214),Proactive email — annual contract upgrade incentive
912,42,85.9,3729.75,0,0,1,0.45160735,Medium Risk,0,0,InternetService_Fiber optic (+0.319) | Contract_Two year (+0.290) | Contract_One year (+0.237),Proactive email — annual contract upgrade incentive
1273,42,54.55,2455.05,0,0,0,0.44977275,Medium Risk,0,0,Contract_Two year (+0.307) | TotalCharges (+0.273) | Contract_One year (+0.229),Proactive email — annual contract upgrade incentive
1401,3,19.55,61.05,0,0,0,0.4461586,Medium Risk,0,0,PaymentMethod_Electronic check (+0.303) | Contract_Two year (+0.195) | Contract_One year (+0.193),Proactive email — annual contract upgrade incentive
946,39,100.0,3835.55,1,0,1,0.44590616,Medium Risk,0,0,MonthlyCharges (+0.353) | PaymentMethod_Electronic check (+0.344) | InternetService_Fiber optic (+0.208),Check-in call — satisfaction survey + usage review
544,29,31.2,926.2,0,0,0,0.44574013,Medium Risk,0,0,PhoneService (+0.373) | PaymentMethod_Electronic check (+0.244) | Contract_Two year (+0.222),Proactive email — annual contract upgrade incentive
603,7,50.3,355.1,0,0,0,0.44382524,Medium Risk,0,0,charges_per_tenure (+0.226) | Contract_Two year (+0.196) | Contract_One year (+0.163),Proactive email — annual contract upgrade incentive
617,2,70.3,132.4,0,0,0,0.44110963,Medium Risk,0,0,charges_per_tenure (+0.744) | Contract_Two year (+0.189) | PaymentMethod_Electronic check (+0.144),Proactive email — annual contract upgrade incentive
1030,20,108.2,2203.7,0,0,1,0.44105953,Medium Risk,0,0,charges_per_tenure (+0.397) | InternetService_Fiber optic (+0.306) | Contract_Two year (+0.163),Proactive email — annual contract upgrade incentive
303,53,105.55,5682.25,0,1,1,0.44045907,Medium Risk,0,0,MonthlyCharges (+0.485) | InternetService_Fiber optic (+0.224) | tenure (+0.217),Check-in call — satisfaction survey + usage review
1231,67,105.7,6816.95,1,0,1,0.4391364,Medium Risk,0,0,MonthlyCharges (+0.517) | InternetService_Fiber optic (+0.240) | Contract_Two year (+0.237),Check-in call — satisfaction survey + usage review
382,46,108.9,4854.3,0,1,1,0.43823212,Medium Risk,0,0,MonthlyCharges (+0.524) | TotalCharges (+0.226) | InternetService_Fiber optic (+0.226),Check-in call — satisfaction survey + usage review
1071,2,19.6,35.85,0,0,0,0.43790647,Medium Risk,1,0,PaymentMethod_Electronic check (+0.222) | Contract_Two year (+0.191) | Contract_One year (+0.172),Proactive email — annual contract upgrade incentive
761,9,29.95,248.95,0,0,0,0.4371173,Medium Risk,1,0,PhoneService (+0.403) | PaymentMethod_Electronic check (+0.234) | Contract_Two year (+0.215),Proactive email — annual contract upgrade incentive
834,1,70.45,70.45,0,0,0,0.436171,Medium Risk,0,0,charges_per_tenure (+1.152) | Contract_Two year (+0.196) | PaperlessBilling (+0.146),Proactive email — annual contract upgrade incentive
973,49,52.15,2583.75,0,0,0,0.43531817,Medium Risk,0,0,Contract_Two year (+0.281) | Contract_One year (+0.193) | PaymentMethod_Credit card (automatic) (+0.146),Proactive email — annual contract upgrade incentive
1161,8,44.45,369.3,0,0,0,0.4349669,Medium Risk,0,0,charges_per_tenure (+0.287) | Contract_Two year (+0.193) | Contract_One year (+0.160),Proactive email — annual contract upgrade incentive
1395,21,44.95,926.25,0,0,0,0.434832,Medium Risk,0,0,PaymentMethod_Electronic check (+0.299) | Contract_Two year (+0.250) | Contract_One year (+0.167),Proactive email — annual contract upgrade incentive
751,23,73.75,1756.6,1,0,0,0.43477154,Medium Risk,0,0,MonthlyCharges (+0.368) | Contract_Two year (+0.183) | MultipleLines (+0.159),Check-in call — satisfaction survey + usage review
1182,47,67.45,3252.0,0,0,0,0.43367642,Medium Risk,0,0,SeniorCitizen (+0.421) | Contract_Two year (+0.324) | Contract_One year (+0.234),Proactive email — annual contract upgrade incentive
1251,5,55.8,300.4,0,0,0,0.43227226,Medium Risk,0,0,charges_per_tenure (+0.460) | Contract_Two year (+0.193) | Contract_One year (+0.171),Proactive email — annual contract upgrade incentive
1262,6,19.5,106.8,0,0,0,0.43193766,Medium Risk,0,0,SeniorCitizen (+0.322) | Contract_Two year (+0.258) | Contract_One year (+0.256),Proactive email — annual contract upgrade incentive
442,57,95.25,5427.05,0,0,1,0.43098626,Medium Risk,1,0,InternetService_Fiber optic (+0.295) | Contract_One year (+0.218) | Contract_Two year (+0.205),Proactive email — annual contract upgrade incentive
1035,5,63.95,318.1,0,0,0,0.42764348,Medium Risk,0,0,charges_per_tenure (+0.802) | Contract_Two year (+0.192) | Contract_One year (+0.128),Proactive email — annual contract upgrade incentive
773,55,116.5,6382.55,0,0,1,0.4272527,Medium Risk,0,0,InternetService_Fiber optic (+0.291) | Contract_Two year (+0.192) | StreamingTV (+0.118),Proactive email — annual contract upgrade incentive
600,8,21.05,139.75,0,0,0,0.4271,Medium Risk,0,0,Contract_Two year (+0.242) | Contract_One year (+0.184) | gender (+0.113),Proactive email — annual contract upgrade incentive
832,3,65.25,209.9,0,0,0,0.4258144,Medium Risk,0,0,charges_per_tenure (+0.843) | Contract_Two year (+0.193) | MultipleLines (+0.155),Proactive email — annual contract upgrade incentive
884,55,94.75,5276.1,1,0,1,0.4251688,Medium Risk,0,0,PaymentMethod_Electronic check (+0.277) | InternetService_Fiber optic (+0.219) | Contract_Two year (+0.160),Check-in call — satisfaction survey + usage review
907,1,20.7,20.7,0,0,0,0.4251455,Medium Risk,0,0,charges_per_tenure (+0.835) | tenure (+0.185) | Contract_Two year (+0.185),Proactive email — annual contract upgrade incentive
144,18,57.45,990.85,0,0,0,0.42510283,Medium Risk,1,0,PaymentMethod_Electronic check (+0.350) | Contract_Two year (+0.232) | Contract_One year (+0.107),Proactive email — annual contract upgrade incentive
89,28,96.6,2684.35,0,0,1,0.41821724,Medium Risk,0,0,InternetService_Fiber optic (+0.270) | Contract_One year (+0.210) | Contract_Two year (+0.208),Proactive email — annual contract upgrade incentive
1070,6,55.3,324.25,0,0,0,0.41752,Medium Risk,1,0,charges_per_tenure (+0.422) | Contract_Two year (+0.195) | Contract_One year (+0.137),Proactive email — annual contract upgrade incentive
1202,54,89.4,4869.5,0,0,1,0.4161506,Medium Risk,0,0,Contract_Two year (+0.366) | InternetService_Fiber optic (+0.309) | Contract_One year (+0.206),Proactive email — annual contract upgrade incentive
42,67,111.2,7530.8,0,1,1,0.41602743,Medium Risk,0,0,TotalCharges (+0.754) | MonthlyCharges (+0.374) | InternetService_Fiber optic (+0.211),Check-in call — satisfaction survey + usage review
242,14,66.6,979.5,0,0,0,0.41476798,Medium Risk,0,0,charges_per_tenure (+0.240) | Contract_Two year (+0.187) | MultipleLines (+0.156),Proactive email — annual contract upgrade incentive
45,49,109.2,5290.45,1,0,1,0.41251665,Medium Risk,0,0,TotalCharges (+0.233) | InternetService_Fiber optic (+0.190) | StreamingMovies (+0.179),Check-in call — satisfaction survey + usage review
258,63,109.85,7002.95,0,0,1,0.4123129,Medium Risk,0,0,InternetService_Fiber optic (+0.332) | Contract_Two year (+0.187) | MonthlyCharges (+0.179),Proactive email — annual contract upgrade incentive
342,40,85.05,3355.65,1,0,1,0.41197658,Medium Risk,0,0,PaymentMethod_Electronic check (+0.445) | InternetService_Fiber optic (+0.243) | Contract_Two year (+0.222),Check-in call — satisfaction survey + usage review
163,15,55.7,899.8,0,0,0,0.40988532,Medium Risk,1,0,Contract_Two year (+0.207) | Contract_One year (+0.159) | TotalCharges (+0.148),Proactive email — annual contract upgrade incentive
1135,7,25.05,189.95,0,0,0,0.40944755,Medium Risk,0,0,PhoneService (+0.251) | Contract_Two year (+0.234) | Contract_One year (+0.203),Proactive email — annual contract upgrade incentive
1049,12,58.35,740.55,0,0,0,0.40805155,Medium Risk,0,0,Contract_Two year (+0.189) | Contract_One year (+0.140) | charges_per_tenure (+0.096),Proactive email — annual contract upgrade incentive
733,2,19.9,57.4,0,0,0,0.40607336,Medium Risk,0,0,PaymentMethod_Electronic check (+0.308) | Contract_One year (+0.195) | Contract_Two year (+0.189),Proactive email — annual contract upgrade incentive
491,7,64.95,493.65,0,0,0,0.40517935,Medium Risk,0,0,charges_per_tenure (+0.266) | Contract_Two year (+0.187) | PaymentMethod_Electronic check (+0.173),Proactive email — annual contract upgrade incentive
223,62,110.75,7053.35,1,0,1,0.40490118,Medium Risk,0,0,InternetService_Fiber optic (+0.220) | StreamingMovies (+0.184) | Contract_Two year (+0.172),Check-in call — satisfaction survey + usage review
323,10,67.8,653.15,0,0,0,0.4042251,Medium Risk,0,0,Contract_Two year (+0.198) | Contract_One year (+0.108) | PaperlessBilling (+0.090),Proactive email — annual contract upgrade incentive
1301,51,110.05,5686.4,1,0,1,0.40391964,Medium Risk,0,0,MonthlyCharges (+0.282) | InternetService_Fiber optic (+0.212) | StreamingMovies (+0.189),Check-in call — satisfaction survey + usage review
1361,1,20.45,20.45,0,0,0,0.40384498,Medium Risk,0,0,charges_per_tenure (+0.906) | Contract_Two year (+0.195) | tenure (+0.185),Proactive email — annual contract upgrade incentive
457,59,89.75,5496.9,0,0,1,0.40353915,Medium Risk,0,0,Contract_Two year (+0.362) | InternetService_Fiber optic (+0.277) | Contract_One year (+0.216),Proactive email — annual contract upgrade incentive
989,6,19.85,119.3,0,0,0,0.4026629,Medium Risk,0,0,MonthlyCharges (+0.263) | Contract_Two year (+0.250) | Contract_One year (+0.182),Proactive email — annual contract upgrade incentive
289,42,99.0,4298.45,1,0,1,0.40229675,Medium Risk,0,0,PaymentMethod_Electronic check (+0.308) | InternetService_Fiber optic (+0.198) | Contract_Two year (+0.189),Check-in call — satisfaction survey + usage review
837,18,49.55,878.35,0,0,0,0.4022182,Medium Risk,1,0,Contract_Two year (+0.243) | Contract_One year (+0.153) | PaperlessBilling (+0.101),Proactive email — annual contract upgrade incentive
422,43,80.2,3581.6,1,0,0,0.40217808,Medium Risk,0,0,PaymentMethod_Electronic check (+0.291) | Contract_Two year (+0.228) | StreamingMovies (+0.110),Check-in call — satisfaction survey + usage review
1215,17,98.6,1704.95,1,0,1,0.4018257,Medium Risk,1,0,MonthlyCharges (+0.545) | charges_per_tenure (+0.417) | InternetService_Fiber optic (+0.205),Check-in call — satisfaction survey + usage review
111,22,87.0,1850.65,0,0,1,0.4010171,Medium Risk,0,0,InternetService_Fiber optic (+0.250) | Contract_Two year (+0.222) | Contract_One year (+0.188),Proactive email — annual contract upgrade incentive
1129,10,72.15,794.25,0,0,0,0.40025446,Medium Risk,1,0,Contract_Two year (+0.194) | PaperlessBilling (+0.107) | OnlineSecurity (+0.089),Proactive email — annual contract upgrade incentive
1324,68,107.7,7320.9,0,0,1,0.3997016,Low Risk,0,0,InternetService_Fiber optic (+0.302) | Contract_Two year (+0.219) | PaymentMethod_Electronic check (+0.155),Standard engagement — monitor monthly
284,65,106.25,6979.8,1,0,1,0.39870736,Low Risk,1,0,MonthlyCharges (+0.327) | InternetService_Fiber optic (+0.234) | PaymentMethod_Electronic check (+0.205),Standard engagement — monitor monthly
647,46,45.55,2062.15,0,0,0,0.39793822,Low Risk,0,0,PhoneService (+0.398) | PaymentMethod_Electronic check (+0.340) | Contract_Two year (+0.268),Standard engagement — monitor monthly
1138,23,54.25,1221.55,0,0,0,0.39627153,Low Risk,0,0,PaymentMethod_Electronic check (+0.309) | Contract_Two year (+0.232) | Contract_One year (+0.179),Standard engagement — monitor monthly
1042,16,19.35,275.9,0,0,0,0.3958781,Low Risk,0,0,MonthlyCharges (+0.538) | Contract_Two year (+0.306) | Contract_One year (+0.249),Standard engagement — monitor monthly
1270,66,104.9,6891.45,1,0,1,0.39543787,Low Risk,0,0,InternetService_Fiber optic (+0.240) | Contract_Two year (+0.237) | MonthlyCharges (+0.201),Standard engagement — monitor monthly
1235,13,55.95,734.35,0,0,0,0.3948498,Low Risk,1,0,PaymentMethod_Electronic check (+0.343) | Contract_Two year (+0.201) | Contract_One year (+0.131),Standard engagement — monitor monthly
98,8,68.55,564.35,0,0,0,0.39275604,Low Risk,0,0,charges_per_tenure (+0.446) | PaymentMethod_Electronic check (+0.191) | Contract_Two year (+0.183),Standard engagement — monitor monthly
455,55,44.85,2479.05,0,0,0,0.3904482,Low Risk,0,0,PaymentMethod_Electronic check (+0.427) | PhoneService (+0.388) | Contract_Two year (+0.272),Standard engagement — monitor monthly
554,18,74.15,1387.0,0,0,1,0.3893602,Low Risk,0,0,InternetService_Fiber optic (+0.243) | Contract_Two year (+0.219) | Contract_One year (+0.186),Standard engagement — monitor monthly
93,58,100.4,5749.8,0,0,1,0.3888463,Low Risk,0,0,InternetService_Fiber optic (+0.309) | Contract_Two year (+0.267) | SeniorCitizen (+0.214),Standard engagement — monitor monthly
1053,32,93.4,2979.3,0,0,1,0.38854143,Low Risk,0,0,InternetService_Fiber optic (+0.269) | Contract_Two year (+0.227) | Contract_One year (+0.156),Standard engagement — monitor monthly
29,62,103.75,6383.35,1,0,1,0.387988,Low Risk,1,0,PaymentMethod_Electronic check (+0.252) | InternetService_Fiber optic (+0.235) | MonthlyCharges (+0.227),Standard engagement — monitor monthly
567,16,49.45,799.0,0,0,0,0.38718572,Low Risk,0,0,Contract_Two year (+0.237) | Contract_One year (+0.171) | PaperlessBilling (+0.108),Standard engagement — monitor monthly
575,53,94.0,4871.45,1,0,1,0.38445845,Low Risk,0,0,PaymentMethod_Electronic check (+0.300) | InternetService_Fiber optic (+0.194) | SeniorCitizen (+0.178),Standard engagement — monitor monthly
196,59,95.8,5655.45,0,1,1,0.3842168,Low Risk,0,0,MonthlyCharges (+0.568) | PaymentMethod_Electronic check (+0.333) | InternetService_Fiber optic (+0.200),Standard engagement — monitor monthly
1083,22,75.0,1573.95,0,0,1,0.38395923,Low Risk,0,0,InternetService_Fiber optic (+0.247) | Contract_Two year (+0.221) | Contract_One year (+0.192),Standard engagement — monitor monthly
370,39,81.5,3107.3,0,0,1,0.38234353,Low Risk,0,0,InternetService_Fiber optic (+0.321) | Contract_Two year (+0.280) | Contract_One year (+0.227),Standard engagement — monitor monthly
831,60,94.4,5610.25,1,0,1,0.3803997,Low Risk,1,0,PaymentMethod_Electronic check (+0.319) | InternetService_Fiber optic (+0.225) | Contract_Two year (+0.224),Standard engagement — monitor monthly
641,60,103.75,5969.95,0,0,1,0.3799374,Low Risk,0,0,InternetService_Fiber optic (+0.352) | MonthlyCharges (+0.268) | Contract_Two year (+0.233),Standard engagement — monitor monthly
331,26,73.05,1959.5,0,0,0,0.37986055,Low Risk,0,0,PaymentMethod_Electronic check (+0.319) | Contract_Two year (+0.227) | Contract_One year (+0.118),Standard engagement — monitor monthly
1099,20,24.9,505.95,0,0,0,0.37611133,Low Risk,0,0,Contract_Two year (+0.306) | PhoneService (+0.297) | Contract_One year (+0.241),Standard engagement — monitor monthly
978,14,105.95,1348.9,1,0,1,0.3759053,Low Risk,1,0,charges_per_tenure (+0.408) | InternetService_Fiber optic (+0.216) | Contract_Two year (+0.153),Standard engagement — monitor monthly
1307,19,20.0,377.55,0,0,0,0.37584326,Low Risk,0,0,PaymentMethod_Electronic check (+0.297) | Contract_Two year (+0.285) | Contract_One year (+0.203),Standard engagement — monitor monthly
1340,9,24.6,190.1,0,0,0,0.3740391,Low Risk,0,0,PhoneService (+0.294) | Contract_Two year (+0.261) | Contract_One year (+0.194),Standard engagement — monitor monthly
784,1,20.3,20.3,0,0,0,0.37333184,Low Risk,0,0,charges_per_tenure (+0.807) | Contract_Two year (+0.197) | Contract_One year (+0.187),Standard engagement — monitor monthly
605,5,65.6,339.9,0,0,0,0.37203494,Low Risk,0,0,charges_per_tenure (+0.746) | Contract_Two year (+0.194) | PaperlessBilling (+0.134),Standard engagement — monitor monthly
23,48,103.25,5037.55,1,0,1,0.36954117,Low Risk,1,0,InternetService_Fiber optic (+0.253) | MonthlyCharges (+0.217) | StreamingMovies (+0.191),Standard engagement — monitor monthly
275,7,59.5,415.95,0,0,0,0.3693444,Low Risk,1,0,charges_per_tenure (+0.382) | Contract_Two year (+0.187) | Contract_One year (+0.144),Standard engagement — monitor monthly
225,3,60.65,196.9,0,0,0,0.36792597,Low Risk,0,0,charges_per_tenure (+1.014) | Contract_Two year (+0.196) | Contract_One year (+0.123),Standard engagement — monitor monthly
312,50,108.75,5431.9,0,0,1,0.3636133,Low Risk,0,0,InternetService_Fiber optic (+0.290) | Contract_Two year (+0.182) | TotalCharges (+0.154),Standard engagement — monitor monthly
38,1,20.6,20.6,0,0,0,0.36171183,Low Risk,1,0,charges_per_tenure (+0.963) | tenure (+0.201) | Contract_Two year (+0.194),Standard engagement — monitor monthly
696,63,109.4,7031.45,0,0,1,0.36079663,Low Risk,0,0,InternetService_Fiber optic (+0.288) | Contract_Two year (+0.176) | SeniorCitizen (+0.152),Standard engagement — monitor monthly
949,5,19.95,109.6,0,0,0,0.35903528,Low Risk,0,0,Contract_Two year (+0.217) | Contract_One year (+0.212) | TotalCharges (+0.109),Standard engagement — monitor monthly
532,1,20.4,20.4,0,0,0,0.35838306,Low Risk,1,0,charges_per_tenure (+0.883) | Contract_Two year (+0.196) | tenure (+0.194),Standard engagement — monitor monthly
340,46,94.15,4408.45,1,0,1,0.35821828,Low Risk,0,0,InternetService_Fiber optic (+0.237) | PaymentMethod_Electronic check (+0.231) | Contract_Two year (+0.159),Standard engagement — monitor monthly
711,61,104.4,6405.0,1,0,1,0.3581524,Low Risk,1,0,InternetService_Fiber optic (+0.234) | MonthlyCharges (+0.199) | Contract_Two year (+0.193),Standard engagement — monitor monthly
942,6,19.7,113.5,0,0,0,0.35509914,Low Risk,0,0,Contract_Two year (+0.251) | Contract_One year (+0.179) | MonthlyCharges (+0.158),Standard engagement — monitor monthly
294,32,108.15,3432.9,0,0,1,0.35508588,Low Risk,1,0,InternetService_Fiber optic (+0.291) | Contract_Two year (+0.174) | PaperlessBilling (+0.104),Standard engagement — monitor monthly
903,40,99.2,4062.2,1,0,1,0.35310507,Low Risk,1,0,MonthlyCharges (+0.197) | Contract_Two year (+0.197) | InternetService_Fiber optic (+0.171),Standard engagement — monitor monthly
678,5,20.15,117.95,0,0,0,0.3525543,Low Risk,0,0,Contract_Two year (+0.216) | Contract_One year (+0.205) | TotalCharges (+0.144),Standard engagement — monitor monthly
541,6,59.45,357.6,0,0,0,0.3521637,Low Risk,0,0,charges_per_tenure (+0.259) | PaymentMethod_Electronic check (+0.259) | Contract_Two year (+0.185),Standard engagement — monitor monthly
406,6,50.95,307.6,0,0,0,0.35210958,Low Risk,0,0,charges_per_tenure (+0.221) | Contract_Two year (+0.207) | PhoneService (+0.170),Standard engagement — monitor monthly
392,3,19.6,59.75,0,0,0,0.35206237,Low Risk,1,0,Contract_Two year (+0.199) | Contract_One year (+0.184) | charges_per_tenure (+0.155),Standard engagement — monitor monthly
488,54,106.55,5763.3,1,0,1,0.35092175,Low Risk,1,0,InternetService_Fiber optic (+0.237) | StreamingMovies (+0.155) | Contract_Two year (+0.153),Standard engagement — monitor monthly
1247,27,83.85,2310.2,0,0,0,0.35032994,Low Risk,0,0,PaymentMethod_Electronic check (+0.282) | Contract_Two year (+0.237) | SeniorCitizen (+0.180),Standard engagement — monitor monthly
339,53,90.8,4921.2,0,0,1,0.34723556,Low Risk,0,0,InternetService_Fiber optic (+0.296) | Contract_Two year (+0.284) | PaymentMethod_Electronic check (+0.267),Standard engagement — monitor monthly
624,49,56.3,2780.6,1,0,0,0.34621122,Low Risk,0,0,Contract_Two year (+0.248) | PhoneService (+0.233) | StreamingMovies (+0.114),Standard engagement — monitor monthly
772,16,79.5,1264.2,1,0,1,0.34547216,Low Risk,0,0,charges_per_tenure (+0.426) | InternetService_Fiber optic (+0.188) | MultipleLines (+0.160),Standard engagement — monitor monthly
781,16,71.4,1212.1,0,0,0,0.34382573,Low Risk,0,0,Contract_Two year (+0.197) | PaperlessBilling (+0.184) | charges_per_tenure (+0.115),Standard engagement — monitor monthly
1091,35,89.7,3165.6,1,0,1,0.34258357,Low Risk,0,0,PaymentMethod_Electronic check (+0.441) | InternetService_Fiber optic (+0.217) | Contract_Two year (+0.205),Standard engagement — monitor monthly
39,11,45.2,492.0,0,0,0,0.34068832,Low Risk,0,0,Contract_Two year (+0.214) | MonthlyCharges (+0.202) | Contract_One year (+0.158),Standard engagement — monitor monthly
1112,7,50.7,350.35,0,0,0,0.33925715,Low Risk,0,0,charges_per_tenure (+0.245) | Contract_Two year (+0.193) | Contract_One year (+0.164),Standard engagement — monitor monthly
215,11,59.65,683.25,0,0,0,0.33665073,Low Risk,0,0,Contract_Two year (+0.191) | Contract_One year (+0.132) | charges_per_tenure (+0.127),Standard engagement — monitor monthly
640,17,21.1,385.55,0,0,0,0.33578354,Low Risk,0,0,Contract_Two year (+0.289) | Contract_One year (+0.227) | MonthlyCharges (+0.086),Standard engagement — monitor monthly
707,16,19.6,314.45,0,0,0,0.3339942,Low Risk,0,0,Contract_Two year (+0.300) | Contract_One year (+0.269) | MonthlyCharges (+0.162),Standard engagement — monitor monthly
919,6,20.0,109.2,0,0,0,0.33302638,Low Risk,0,0,Contract_Two year (+0.244) | Contract_One year (+0.223) | TotalCharges (+0.130),Standard engagement — monitor monthly
957,52,93.25,4631.7,0,0,1,0.3319522,Low Risk,0,0,InternetService_Fiber optic (+0.341) | Contract_Two year (+0.231) | Contract_One year (+0.191),Standard engagement — monitor monthly
829,26,50.35,1277.5,0,0,0,0.3310304,Low Risk,0,0,Contract_Two year (+0.300) | PhoneService (+0.246) | Contract_One year (+0.163),Standard engagement — monitor monthly
26,7,23.5,173.0,0,0,0,0.3299983,Low Risk,0,0,Contract_Two year (+0.242) | Contract_One year (+0.194) | MonthlyCharges (+0.128),Standard engagement — monitor monthly
269,19,89.95,1682.4,0,0,1,0.32697463,Low Risk,0,0,InternetService_Fiber optic (+0.234) | Contract_Two year (+0.194) | charges_per_tenure (+0.192),Standard engagement — monitor monthly
1184,46,105.2,4822.85,1,0,1,0.3252516,Low Risk,1,0,InternetService_Fiber optic (+0.206) | Contract_Two year (+0.160) | StreamingMovies (+0.138),Standard engagement — monitor monthly
749,48,97.05,4692.95,1,0,1,0.32522917,Low Risk,0,0,InternetService_Fiber optic (+0.234) | PaymentMethod_Electronic check (+0.203) | Contract_Two year (+0.194),Standard engagement — monitor monthly
487,4,20.95,85.5,0,0,0,0.32407185,Low Risk,1,0,Contract_Two year (+0.195) | Contract_One year (+0.180) | OnlineBackup (+0.080),Standard engagement — monitor monthly
509,6,20.95,109.5,0,0,0,0.32256827,Low Risk,0,0,Contract_Two year (+0.241) | Contract_One year (+0.200) | OnlineBackup (+0.073),Standard engagement — monitor monthly
202,19,24.1,439.2,0,0,0,0.3224765,Low Risk,0,0,Contract_Two year (+0.299) | MonthlyCharges (+0.252) | Contract_One year (+0.209),Standard engagement — monitor monthly
166,29,66.1,1912.15,0,0,0,0.32178557,Low Risk,0,0,PaymentMethod_Electronic check (+0.319) | Contract_Two year (+0.223) | Contract_One year (+0.156),Standard engagement — monitor monthly
894,8,51.3,411.6,0,0,0,0.32134476,Low Risk,0,0,Contract_Two year (+0.186) | charges_per_tenure (+0.172) | Contract_One year (+0.140),Standard engagement — monitor monthly
776,46,69.1,3168.0,0,0,0,0.32006314,Low Risk,0,0,Contract_Two year (+0.339) | Contract_One year (+0.150) | TechSupport (+0.143),Standard engagement — monitor monthly
1121,40,26.2,1077.5,0,0,0,0.31768158,Low Risk,0,0,TotalCharges (+0.397) | Contract_Two year (+0.241) | Contract_One year (+0.202),Standard engagement — monitor monthly
1334,65,108.8,7082.45,0,0,1,0.3176487,Low Risk,0,0,InternetService_Fiber optic (+0.288) | Contract_Two year (+0.191) | Contract_One year (+0.187),Standard engagement — monitor monthly
628,56,94.8,5264.3,1,0,1,0.31649178,Low Risk,0,0,InternetService_Fiber optic (+0.200) | StreamingMovies (+0.177) | SeniorCitizen (+0.173),Standard engagement — monitor monthly
755,55,89.8,4959.6,0,0,1,0.3157404,Low Risk,0,0,Contract_Two year (+0.353) | InternetService_Fiber optic (+0.319) | Contract_One year (+0.269),Standard engagement — monitor monthly
562,57,53.75,3196.0,0,0,0,0.31432307,Low Risk,0,0,PaymentMethod_Electronic check (+0.403) | PhoneService (+0.379) | Contract_Two year (+0.236),Standard engagement — monitor monthly
79,48,44.8,2104.55,0,0,0,0.3142429,Low Risk,0,0,PhoneService (+0.441) | PaymentMethod_Electronic check (+0.389) | Contract_Two year (+0.246),Standard engagement — monitor monthly
257,28,90.1,2598.95,1,0,1,0.31281686,Low Risk,1,0,InternetService_Fiber optic (+0.203) | Contract_Two year (+0.187) | StreamingMovies (+0.163),Standard engagement — monitor monthly
806,18,55.95,1082.8,0,0,0,0.3109008,Low Risk,0,0,Contract_Two year (+0.240) | TotalCharges (+0.229) | Contract_One year (+0.167),Standard engagement — monitor monthly
1267,21,64.95,1339.8,0,0,0,0.31029978,Low Risk,0,0,SeniorCitizen (+0.298) | Contract_Two year (+0.248) | Contract_One year (+0.166),Standard engagement — monitor monthly
1226,55,113.6,6292.7,0,1,1,0.31011215,Low Risk,0,0,TotalCharges (+0.288) | MonthlyCharges (+0.203) | InternetService_Fiber optic (+0.194),Standard engagement — monitor monthly
1154,12,61.65,713.75,0,0,0,0.30552152,Low Risk,1,0,charges_per_tenure (+0.318) | Contract_Two year (+0.181) | Contract_One year (+0.150),Standard engagement — monitor monthly
1164,19,89.35,1686.85,1,0,1,0.3047996,Low Risk,0,0,charges_per_tenure (+0.249) | MultipleLines (+0.206) | InternetService_Fiber optic (+0.193),Standard engagement — monitor monthly
730,66,95.3,6273.4,1,0,1,0.30468625,Low Risk,0,0,PaymentMethod_Electronic check (+0.290) | InternetService_Fiber optic (+0.202) | Contract_Two year (+0.185),Standard engagement — monitor monthly
508,10,24.8,223.9,0,0,0,0.30390975,Low Risk,0,0,Contract_Two year (+0.241) | Contract_One year (+0.184) | TotalCharges (+0.098),Standard engagement — monitor monthly
631,34,79.95,2727.3,1,0,0,0.30249232,Low Risk,0,0,Contract_Two year (+0.219) | service_count (+0.134) | StreamingMovies (+0.118),Standard engagement — monitor monthly
804,49,99.25,4920.8,1,0,1,0.30082121,Low Risk,0,0,StreamingMovies (+0.204) | InternetService_Fiber optic (+0.203) | Contract_Two year (+0.191),Standard engagement — monitor monthly
838,39,40.6,1494.5,0,0,0,0.30008358,Low Risk,0,0,PhoneService (+0.338) | PaymentMethod_Electronic check (+0.308) | Contract_Two year (+0.224),Standard engagement — monitor monthly
602,63,105.4,6713.2,0,0,1,0.29990146,Low Risk,0,0,MonthlyCharges (+0.406) | InternetService_Fiber optic (+0.319) | Contract_Two year (+0.217),Standard engagement — monitor monthly
1055,6,19.5,146.3,0,0,0,0.29974967,Low Risk,1,0,Contract_Two year (+0.262) | Contract_One year (+0.216) | gender (+0.097),Standard engagement — monitor monthly
1141,56,96.95,5432.2,0,0,1,0.29958832,Low Risk,0,0,InternetService_Fiber optic (+0.338) | Contract_Two year (+0.241) | Contract_One year (+0.234),Standard engagement — monitor monthly
1176,67,100.9,6733.15,1,0,1,0.2990165,Low Risk,0,0,Contract_Two year (+0.264) | InternetService_Fiber optic (+0.216) | StreamingMovies (+0.191),Standard engagement — monitor monthly
686,15,19.9,320.45,0,0,0,0.29749832,Low Risk,0,0,Contract_Two year (+0.308) | Contract_One year (+0.262) | TotalCharges (+0.177),Standard engagement — monitor monthly
629,15,19.8,309.4,0,0,0,0.29703492,Low Risk,0,0,Contract_Two year (+0.311) | Contract_One year (+0.248) | MonthlyCharges (+0.235),Standard engagement — monitor monthly
1342,4,56.5,235.1,0,0,0,0.29607847,Low Risk,1,0,charges_per_tenure (+0.725) | Contract_Two year (+0.188) | Contract_One year (+0.153),Standard engagement — monitor monthly
1345,42,73.15,3088.25,1,0,0,0.2953616,Low Risk,0,0,PaymentMethod_Electronic check (+0.275) | Contract_Two year (+0.235) | StreamingMovies (+0.123),Standard engagement — monitor monthly
633,9,69.05,653.95,0,0,0,0.2931872,Low Risk,0,0,Contract_Two year (+0.193) | PaperlessBilling (+0.150) | TechSupport (+0.094),Standard engagement — monitor monthly
220,10,60.2,563.5,0,0,0,0.28906697,Low Risk,0,0,Contract_Two year (+0.190) | charges_per_tenure (+0.185) | Contract_One year (+0.135),Standard engagement — monitor monthly
1314,8,60.9,551.95,0,0,0,0.28905177,Low Risk,0,0,SeniorCitizen (+0.291) | Contract_Two year (+0.193) | Contract_One year (+0.164),Standard engagement — monitor monthly
1318,12,49.05,593.05,0,0,0,0.28811187,Low Risk,0,0,Contract_Two year (+0.215) | Contract_One year (+0.145) | PaperlessBilling (+0.125),Standard engagement — monitor monthly
811,10,24.4,253.9,0,0,0,0.28368697,Low Risk,0,0,Contract_Two year (+0.242) | Contract_One year (+0.168) | OnlineSecurity (+0.094),Standard engagement — monitor monthly
825,34,109.8,3587.25,0,0,1,0.2833575,Low Risk,1,0,InternetService_Fiber optic (+0.269) | Contract_Two year (+0.174) | PaperlessBilling (+0.145),Standard engagement — monitor monthly
1333,10,60.95,629.55,0,0,0,0.2830278,Low Risk,0,0,charges_per_tenure (+0.245) | Contract_Two year (+0.188) | Contract_One year (+0.128),Standard engagement — monitor monthly
861,13,74.65,966.25,1,0,1,0.28213012,Low Risk,0,0,charges_per_tenure (+0.253) | InternetService_Fiber optic (+0.206) | Contract_Two year (+0.153),Standard engagement — monitor monthly
1348,13,50.55,610.75,0,0,0,0.2819689,Low Risk,0,0,Contract_Two year (+0.207) | Contract_One year (+0.143) | PaperlessBilling (+0.124),Standard engagement — monitor monthly
1134,7,20.35,150.6,0,0,0,0.27933577,Low Risk,0,0,Contract_Two year (+0.243) | Contract_One year (+0.209) | gender (+0.078),Standard engagement — monitor monthly
1277,31,50.05,1523.4,1,0,0,0.27818796,Low Risk,0,0,PaymentMethod_Electronic check (+0.319) | PhoneService (+0.289) | Contract_Two year (+0.265),Standard engagement — monitor monthly
362,60,94.1,5475.9,0,0,1,0.27797288,Low Risk,0,0,InternetService_Fiber optic (+0.310) | Contract_Two year (+0.276) | Contract_One year (+0.185),Standard engagement — monitor monthly
1115,24,55.65,1400.55,0,0,0,0.27796385,Low Risk,1,0,Contract_Two year (+0.235) | Contract_One year (+0.183) | TechSupport (+0.077),Standard engagement — monitor monthly
705,2,20.35,41.85,0,0,0,0.27667516,Low Risk,0,0,Contract_Two year (+0.194) | Contract_One year (+0.175) | charges_per_tenure (+0.101),Standard engagement — monitor monthly
601,35,72.25,2568.55,0,0,0,0.27661195,Low Risk,1,0,PaymentMethod_Electronic check (+0.284) | Contract_Two year (+0.235) | Contract_One year (+0.115),Standard engagement — monitor monthly
855,52,48.8,2555.05,0,0,0,0.27518862,Low Risk,0,0,Contract_Two year (+0.293) | SeniorCitizen (+0.243) | PhoneService (+0.230),Standard engagement — monitor monthly
385,19,69.6,1394.55,0,0,0,0.2748957,Low Risk,0,0,Contract_Two year (+0.212) | Contract_One year (+0.104) | StreamingTV (+0.103),Standard engagement — monitor monthly
418,67,100.25,6689.0,1,0,1,0.27381915,Low Risk,0,0,MonthlyCharges (+0.377) | Contract_Two year (+0.232) | InternetService_Fiber optic (+0.217),Standard engagement — monitor monthly
173,44,74.85,3268.05,1,0,0,0.27276522,Low Risk,0,0,SeniorCitizen (+0.274) | Contract_Two year (+0.226) | TotalCharges (+0.172),Standard engagement — monitor monthly
203,56,95.65,5471.75,1,0,1,0.2715537,Low Risk,0,0,PaymentMethod_Electronic check (+0.370) | InternetService_Fiber optic (+0.177) | SeniorCitizen (+0.149),Standard engagement — monitor monthly
1275,5,20.5,104.3,0,0,0,0.27103958,Low Risk,0,0,Contract_Two year (+0.211) | Contract_One year (+0.178) | PaperlessBilling (+0.100),Standard engagement — monitor monthly
1294,4,61.45,229.55,0,0,0,0.26984522,Low Risk,1,0,charges_per_tenure (+0.790) | Contract_Two year (+0.192) | Contract_One year (+0.108),Standard engagement — monitor monthly
290,11,64.05,733.95,0,0,0,0.26792946,Low Risk,0,0,Contract_Two year (+0.194) | Contract_One year (+0.130) | OnlineBackup (+0.085),Standard engagement — monitor monthly
966,51,93.5,4619.55,1,0,1,0.26618758,Low Risk,0,0,PaymentMethod_Electronic check (+0.394) | InternetService_Fiber optic (+0.217) | Contract_Two year (+0.170),Standard engagement — monitor monthly
65,11,51.0,581.7,0,0,0,0.26614758,Low Risk,0,0,Contract_Two year (+0.186) | charges_per_tenure (+0.171) | Contract_One year (+0.159),Standard engagement — monitor monthly
940,2,20.35,35.1,0,0,0,0.26597467,Low Risk,0,0,Contract_Two year (+0.194) | Contract_One year (+0.186) | tenure (+0.108),Standard engagement — monitor monthly
1239,68,100.3,6754.35,1,0,1,0.26423734,Low Risk,0,0,Contract_Two year (+0.243) | PaymentMethod_Electronic check (+0.234) | InternetService_Fiber optic (+0.225),Standard engagement — monitor monthly
1146,34,24.7,780.2,0,0,0,0.2615123,Low Risk,0,0,Contract_Two year (+0.238) | Contract_One year (+0.220) | PaymentMethod_Electronic check (+0.209),Standard engagement — monitor monthly
30,48,58.95,2789.7,1,0,0,0.25912148,Low Risk,0,0,SeniorCitizen (+0.281) | Contract_Two year (+0.256) | TechSupport (+0.103),Standard engagement — monitor monthly
1380,52,91.25,4738.3,1,0,1,0.2590354,Low Risk,0,0,PaymentMethod_Electronic check (+0.430) | Contract_Two year (+0.205) | InternetService_Fiber optic (+0.195),Standard engagement — monitor monthly
802,45,70.05,3062.45,0,0,0,0.25855002,Low Risk,0,0,SeniorCitizen (+0.333) | Contract_Two year (+0.299) | TotalCharges (+0.215),Standard engagement — monitor monthly
965,12,20.1,223.6,0,0,0,0.25809407,Low Risk,0,0,Contract_Two year (+0.325) | Contract_One year (+0.242) | TotalCharges (+0.156),Standard engagement — monitor monthly
249,19,66.4,1286.05,0,0,0,0.25464743,Low Risk,0,0,SeniorCitizen (+0.315) | Contract_Two year (+0.210) | Contract_One year (+0.172),Standard engagement — monitor monthly
896,35,100.5,3653.35,0,0,1,0.25440818,Low Risk,1,0,InternetService_Fiber optic (+0.254) | Contract_Two year (+0.236) | SeniorCitizen (+0.200),Standard engagement — monitor monthly
1056,1,19.2,19.2,0,0,0,0.25257084,Low Risk,0,0,charges_per_tenure (+0.354) | Contract_Two year (+0.198) | Contract_One year (+0.180),Standard engagement — monitor monthly
1378,13,43.8,592.65,1,0,0,0.25204512,Low Risk,0,0,PaymentMethod_Electronic check (+0.333) | Contract_Two year (+0.172) | OnlineBackup (+0.108),Standard engagement — monitor monthly
176,23,64.9,1509.8,1,0,0,0.25029293,Low Risk,0,0,Contract_Two year (+0.209) | StreamingMovies (+0.121) | PaperlessBilling (+0.112),Standard engagement — monitor monthly
925,11,19.7,216.2,0,0,0,0.25027657,Low Risk,0,0,Contract_Two year (+0.284) | Contract_One year (+0.249) | TotalCharges (+0.179),Standard engagement — monitor monthly
4,71,105.15,7555.0,0,1,1,0.25027096,Low Risk,0,0,MonthlyCharges (+0.456) | TotalCharges (+0.398) | InternetService_Fiber optic (+0.236),Standard engagement — monitor monthly
1232,3,20.0,49.65,0,0,0,0.25024658,Low Risk,0,0,Contract_Two year (+0.204) | Contract_One year (+0.189) | OnlineBackup (+0.072),Standard engagement — monitor monthly
1018,35,110.8,3836.3,1,0,1,0.24969707,Low Risk,0,0,InternetService_Fiber optic (+0.203) | Contract_Two year (+0.164) | StreamingMovies (+0.136),Standard engagement — monitor monthly
228,55,90.45,5044.8,0,0,1,0.24798933,Low Risk,0,0,Contract_Two year (+0.340) | InternetService_Fiber optic (+0.257) | Contract_One year (+0.232),Standard engagement — monitor monthly
344,60,93.25,5774.55,0,0,1,0.24510682,Low Risk,0,0,Contract_Two year (+0.307) | InternetService_Fiber optic (+0.284) | Contract_One year (+0.201),Standard engagement — monitor monthly
1110,38,70.45,2597.6,1,0,1,0.24504022,Low Risk,1,0,InternetService_Fiber optic (+0.212) | Contract_Two year (+0.205) | TechSupport (+0.107),Standard engagement — monitor monthly
983,8,19.35,152.6,0,0,0,0.2438436,Low Risk,0,0,Contract_Two year (+0.256) | MonthlyCharges (+0.228) | Contract_One year (+0.197),Standard engagement — monitor monthly
604,22,24.85,493.4,0,0,0,0.24219674,Low Risk,0,0,Contract_Two year (+0.285) | Contract_One year (+0.189) | MultipleLines (+0.109),Standard engagement — monitor monthly
549,62,105.5,6487.2,0,0,1,0.24205908,Low Risk,0,0,InternetService_Fiber optic (+0.328) | Contract_Two year (+0.220) | MonthlyCharges (+0.141),Standard engagement — monitor monthly
1131,69,85.4,5869.4,0,0,1,0.23769483,Low Risk,0,0,Contract_Two year (+0.302) | InternetService_Fiber optic (+0.267) | Contract_One year (+0.223),Standard engagement — monitor monthly
794,63,99.9,6137.0,1,0,1,0.23715171,Low Risk,1,0,MonthlyCharges (+0.360) | Contract_Two year (+0.262) | InternetService_Fiber optic (+0.227),Standard engagement — monitor monthly
1051,58,110.65,6526.65,1,0,1,0.23287193,Low Risk,0,0,InternetService_Fiber optic (+0.251) | Contract_Two year (+0.177) | StreamingMovies (+0.155),Standard engagement — monitor monthly
87,10,55.2,528.35,0,0,0,0.23226458,Low Risk,1,0,Contract_Two year (+0.185) | charges_per_tenure (+0.180) | Contract_One year (+0.148),Standard engagement — monitor monthly
565,68,114.7,7849.85,0,1,1,0.2299893,Low Risk,0,0,tenure (+0.314) | TotalCharges (+0.244) | InternetService_Fiber optic (+0.226),Standard engagement — monitor monthly
495,14,44.6,641.25,1,0,0,0.22967899,Low Risk,0,0,PaymentMethod_Electronic check (+0.359) | Contract_Two year (+0.189) | OnlineBackup (+0.098),Standard engagement — monitor monthly
277,67,94.1,6302.8,0,1,1,0.22915937,Low Risk,0,0,MonthlyCharges (+0.677) | tenure (+0.197) | InternetService_Fiber optic (+0.194),Standard engagement — monitor monthly
1009,28,106.1,2847.4,1,0,1,0.22704342,Low Risk,1,0,InternetService_Fiber optic (+0.196) | PaymentMethod_Electronic check (+0.180) | Contract_Two year (+0.150),Standard engagement — monitor monthly
800,1,20.75,20.75,0,0,0,0.22528099,Low Risk,0,0,charges_per_tenure (+0.849) | Contract_Two year (+0.195) | Contract_One year (+0.170),Standard engagement — monitor monthly
842,18,25.15,476.8,0,0,0,0.22447316,Low Risk,0,0,PhoneService (+0.377) | Contract_Two year (+0.333) | Contract_One year (+0.216),Standard engagement — monitor monthly
1010,61,79.8,4914.8,1,0,0,0.22398734,Low Risk,0,0,PaymentMethod_Electronic check (+0.352) | Contract_Two year (+0.276) | TechSupport (+0.136),Standard engagement — monitor monthly
155,39,59.8,2343.85,1,0,0,0.22367206,Low Risk,0,0,PaymentMethod_Electronic check (+0.356) | Contract_Two year (+0.264) | TotalCharges (+0.174),Standard engagement — monitor monthly
744,72,109.15,7789.6,1,0,1,0.2232441,Low Risk,0,0,Contract_Two year (+0.255) | InternetService_Fiber optic (+0.214) | StreamingMovies (+0.157),Standard engagement — monitor monthly
279,24,49.7,1218.25,0,0,0,0.22225374,Low Risk,0,0,Contract_Two year (+0.262) | Contract_One year (+0.185) | TechSupport (+0.115),Standard engagement — monitor monthly
480,4,19.6,93.45,0,0,0,0.2216373,Low Risk,0,0,Contract_Two year (+0.225) | Contract_One year (+0.200) | Partner (+0.073),Standard engagement — monitor monthly
378,12,60.65,743.3,1,0,0,0.22134054,Low Risk,0,0,PaymentMethod_Electronic check (+0.237) | PhoneService (+0.232) | charges_per_tenure (+0.200),Standard engagement — monitor monthly
381,46,69.1,3255.35,1,0,0,0.22047031,Low Risk,0,0,SeniorCitizen (+0.350) | Contract_Two year (+0.244) | PaymentMethod_Credit card (automatic) (+0.189),Standard engagement — monitor monthly
288,63,109.2,7049.75,0,1,1,0.21881364,Low Risk,0,0,MonthlyCharges (+0.506) | InternetService_Fiber optic (+0.212) | Partner (+0.126),Standard engagement — monitor monthly
1079,61,94.2,5895.45,0,0,1,0.21734308,Low Risk,0,0,InternetService_Fiber optic (+0.251) | Contract_Two year (+0.250) | Contract_One year (+0.240),Standard engagement — monitor monthly
1022,39,81.4,3213.75,1,0,1,0.21702108,Low Risk,0,0,Contract_Two year (+0.209) | InternetService_Fiber optic (+0.183) | PaymentMethod_Credit card (automatic) (+0.140),Standard engagement — monitor monthly
190,8,19.55,161.15,0,0,0,0.21666528,Low Risk,0,0,Contract_Two year (+0.264) | Contract_One year (+0.206) | Partner (+0.083),Standard engagement — monitor monthly
316,44,89.15,3990.75,1,0,1,0.21550088,Low Risk,0,0,Contract_Two year (+0.243) | SeniorCitizen (+0.225) | InternetService_Fiber optic (+0.177),Standard engagement — monitor monthly
318,66,92.15,6056.9,1,0,1,0.21548985,Low Risk,0,0,Contract_Two year (+0.194) | InternetService_Fiber optic (+0.173) | MultipleLines (+0.153),Standard engagement — monitor monthly
680,56,80.9,4557.5,1,0,1,0.21494062,Low Risk,0,0,PaymentMethod_Electronic check (+0.323) | Contract_Two year (+0.276) | InternetService_Fiber optic (+0.218),Standard engagement — monitor monthly
1178,7,59.1,369.25,1,0,0,0.21473238,Low Risk,0,0,PaymentMethod_Electronic check (+0.261) | charges_per_tenure (+0.197) | Contract_Two year (+0.156),Standard engagement — monitor monthly
742,28,76.55,2065.4,0,0,1,0.21354772,Low Risk,0,0,InternetService_Fiber optic (+0.260) | Contract_Two year (+0.253) | Contract_One year (+0.210),Standard engagement — monitor monthly
182,25,89.05,2177.45,1,0,1,0.2132813,Low Risk,1,0,PaymentMethod_Electronic check (+0.270) | Contract_Two year (+0.175) | InternetService_Fiber optic (+0.163),Standard engagement — monitor monthly
543,35,76.05,2747.2,0,0,0,0.21273232,Low Risk,0,0,Contract_Two year (+0.239) | SeniorCitizen (+0.211) | PaymentMethod_Electronic check (+0.204),Standard engagement — monitor monthly
285,17,24.8,475.25,0,0,0,0.21186233,Low Risk,0,0,Contract_Two year (+0.302) | Contract_One year (+0.217) | MultipleLines (+0.089),Standard engagement — monitor monthly
170,57,95.3,5567.45,0,0,1,0.21158342,Low Risk,0,0,SeniorCitizen (+0.338) | InternetService_Fiber optic (+0.265) | Contract_One year (+0.255),Standard engagement — monitor monthly
1060,56,76.85,4275.75,0,0,1,0.21149628,Low Risk,0,0,Contract_Two year (+0.305) | SeniorCitizen (+0.286) | Contract_One year (+0.246),Standard engagement — monitor monthly
410,6,19.55,128.6,0,0,0,0.20946987,Low Risk,0,0,Contract_Two year (+0.244) | Contract_One year (+0.208) | OnlineBackup (+0.081),Standard engagement — monitor monthly
590,7,29.8,201.95,0,0,0,0.20890418,Low Risk,0,0,Contract_Two year (+0.216) | Contract_One year (+0.188) | PhoneService (+0.188),Standard engagement — monitor monthly
500,1,18.85,18.85,0,0,0,0.20888005,Low Risk,1,0,charges_per_tenure (+0.538) | Contract_Two year (+0.187) | Contract_One year (+0.163),Standard engagement — monitor monthly
1224,34,77.2,2753.8,1,0,0,0.20842093,Low Risk,0,0,Contract_Two year (+0.216) | StreamingMovies (+0.141) | MultipleLines (+0.077),Standard engagement — monitor monthly
66,57,19.4,1061.6,1,0,0,0.20839961,Low Risk,0,0,TotalCharges (+0.822) | MonthlyCharges (+0.496) | Contract_Two year (+0.212),Standard engagement — monitor monthly
996,69,105.4,6998.95,0,1,1,0.20822068,Low Risk,0,0,MonthlyCharges (+0.555) | tenure (+0.176) | MultipleLines (+0.168),Standard engagement — monitor monthly
420,46,59.9,2816.65,1,0,0,0.2081,Low Risk,1,0,Contract_Two year (+0.256) | SeniorCitizen (+0.219) | PhoneService (+0.212),Standard engagement — monitor monthly
122,56,103.2,5744.35,0,1,1,0.20774421,Low Risk,0,0,MonthlyCharges (+0.402) | InternetService_Fiber optic (+0.249) | MultipleLines (+0.166),Standard engagement — monitor monthly
991,37,79.25,2911.8,1,0,0,0.2060031,Low Risk,0,0,Contract_Two year (+0.239) | StreamingMovies (+0.184) | StreamingTV (+0.100),Standard engagement — monitor monthly
1017,68,101.35,7110.75,1,0,1,0.20528191,Low Risk,0,0,Contract_Two year (+0.212) | tenure (+0.199) | InternetService_Fiber optic (+0.179),Standard engagement — monitor monthly
1027,33,74.75,2453.3,1,0,0,0.204781,Low Risk,0,0,Contract_Two year (+0.214) | TotalCharges (+0.204) | StreamingMovies (+0.143),Standard engagement — monitor monthly
1354,26,82.0,2083.1,1,0,0,0.20294599,Low Risk,0,0,Contract_Two year (+0.194) | MultipleLines (+0.159) | StreamingMovies (+0.106),Standard engagement — monitor monthly
763,59,85.55,5084.65,1,0,1,0.20236757,Low Risk,1,0,PaymentMethod_Electronic check (+0.322) | Contract_Two year (+0.273) | InternetService_Fiber optic (+0.212),Standard engagement — monitor monthly
718,65,85.75,5688.45,0,0,1,0.20019016,Low Risk,0,0,Contract_Two year (+0.285) | InternetService_Fiber optic (+0.227) | PaymentMethod_Electronic check (+0.217),Standard engagement — monitor monthly
935,64,90.25,5629.15,1,0,1,0.19872269,Low Risk,0,0,Contract_Two year (+0.282) | InternetService_Fiber optic (+0.203) | StreamingMovies (+0.188),Standard engagement — monitor monthly
292,4,19.65,67.55,0,0,0,0.19862227,Low Risk,0,0,Contract_Two year (+0.215) | Contract_One year (+0.193) | PaperlessBilling (+0.076),Standard engagement — monitor monthly
915,35,89.2,3251.3,1,0,1,0.19852586,Low Risk,0,0,PaymentMethod_Electronic check (+0.296) | Contract_Two year (+0.200) | InternetService_Fiber optic (+0.184),Standard engagement — monitor monthly
540,2,20.45,42.45,0,0,0,0.1978623,Low Risk,0,0,Contract_Two year (+0.186) | Contract_One year (+0.164) | charges_per_tenure (+0.156),Standard engagement — monitor monthly
1287,11,19.25,180.3,0,0,0,0.19774762,Low Risk,1,0,Contract_Two year (+0.336) | Contract_One year (+0.241) | Partner (+0.115),Standard engagement — monitor monthly
511,41,55.7,2237.55,0,0,0,0.19556665,Low Risk,0,0,Contract_Two year (+0.318) | Contract_One year (+0.229) | TechSupport (+0.153),Standard engagement — monitor monthly
1228,5,19.65,92.05,0,0,0,0.1944407,Low Risk,0,0,Contract_Two year (+0.220) | Contract_One year (+0.189) | PaperlessBilling (+0.089),Standard engagement — monitor monthly
24,4,19.95,59.25,0,0,0,0.19442837,Low Risk,0,0,Contract_Two year (+0.210) | Contract_One year (+0.194) | PaperlessBilling (+0.084),Standard engagement — monitor monthly
1001,64,108.95,7111.3,0,0,1,0.19289286,Low Risk,0,0,InternetService_Fiber optic (+0.290) | Contract_Two year (+0.179) | SeniorCitizen (+0.141),Standard engagement — monitor monthly
444,6,26.35,184.05,0,0,0,0.1925165,Low Risk,0,0,Contract_Two year (+0.205) | Contract_One year (+0.156) | OnlineSecurity (+0.073),Standard engagement — monitor monthly
368,6,55.9,365.35,0,0,0,0.19038615,Low Risk,1,0,charges_per_tenure (+0.278) | Contract_Two year (+0.187) | Contract_One year (+0.155),Standard engagement — monitor monthly
1377,47,94.9,4615.25,1,0,1,0.18875118,Low Risk,0,0,InternetService_Fiber optic (+0.175) | Contract_Two year (+0.122) | MultipleLines (+0.101),Standard engagement — monitor monthly
506,18,19.0,348.8,0,0,0,0.18767326,Low Risk,0,0,PaymentMethod_Electronic check (+0.310) | Contract_Two year (+0.288) | Contract_One year (+0.239),Standard engagement — monitor monthly
1313,68,114.9,7843.55,0,1,1,0.18716645,Low Risk,0,0,tenure (+0.242) | InternetService_Fiber optic (+0.221) | TotalCharges (+0.134),Standard engagement — monitor monthly
555,35,85.95,3110.1,1,0,0,0.18690358,Low Risk,1,0,Contract_Two year (+0.216) | StreamingMovies (+0.115) | StreamingTV (+0.087),Standard engagement — monitor monthly
920,65,103.9,6767.1,1,0,1,0.18612415,Low Risk,0,0,MonthlyCharges (+0.243) | InternetService_Fiber optic (+0.216) | Contract_Two year (+0.213),Standard engagement — monitor monthly
898,12,50.25,593.75,0,0,0,0.18525523,Low Risk,1,0,Contract_Two year (+0.207) | Contract_One year (+0.142) | OnlineBackup (+0.076),Standard engagement — monitor monthly
1078,47,96.1,4391.45,1,0,1,0.18451196,Low Risk,0,0,InternetService_Fiber optic (+0.207) | PaymentMethod_Electronic check (+0.206) | Contract_Two year (+0.140),Standard engagement — monitor monthly
61,25,54.3,1296.8,0,0,0,0.18388861,Low Risk,0,0,PaymentMethod_Electronic check (+0.280) | Contract_Two year (+0.232) | Contract_One year (+0.173),Standard engagement — monitor monthly
1283,50,82.5,4179.1,1,0,0,0.18320295,Low Risk,0,0,Contract_Two year (+0.274) | StreamingMovies (+0.136) | MultipleLines (+0.129),Standard engagement — monitor monthly
209,46,91.3,4126.35,1,0,1,0.18138893,Low Risk,0,0,Contract_Two year (+0.184) | InternetService_Fiber optic (+0.176) | SeniorCitizen (+0.162),Standard engagement — monitor monthly
18,9,68.25,576.95,0,0,0,0.18067224,Low Risk,0,0,charges_per_tenure (+0.211) | Contract_Two year (+0.186) | Contract_One year (+0.111),Standard engagement — monitor monthly
759,2,20.0,38.0,0,0,0,0.17981707,Low Risk,0,0,Contract_Two year (+0.198) | Contract_One year (+0.183) | Partner (+0.068),Standard engagement — monitor monthly
1367,53,80.6,4348.1,0,0,1,0.1795056,Low Risk,0,0,Contract_Two year (+0.315) | InternetService_Fiber optic (+0.275) | Contract_One year (+0.250),Standard engagement — monitor monthly
90,24,60.45,1440.75,0,0,0,0.17911196,Low Risk,0,0,Contract_Two year (+0.231) | Contract_One year (+0.169) | Dependents (+0.033),Standard engagement — monitor monthly
901,31,65.25,1994.3,0,0,0,0.17899926,Low Risk,1,0,Contract_Two year (+0.244) | Contract_One year (+0.185) | PaymentMethod_Credit card (automatic) (+0.103),Standard engagement — monitor monthly
282,72,99.4,7285.7,0,1,1,0.17804232,Low Risk,0,0,MonthlyCharges (+0.384) | PaymentMethod_Electronic check (+0.376) | OnlineSecurity (+0.222),Standard engagement — monitor monthly
1187,46,45.2,2065.15,0,0,0,0.17552377,Low Risk,0,0,Contract_Two year (+0.250) | Contract_One year (+0.218) | TechSupport (+0.134),Standard engagement — monitor monthly
788,26,90.1,2312.55,1,0,0,0.17519262,Low Risk,0,0,Contract_Two year (+0.187) | MultipleLines (+0.090) | StreamingMovies (+0.083),Standard engagement — monitor monthly
663,63,91.35,5764.7,1,0,1,0.17418426,Low Risk,0,0,PaymentMethod_Electronic check (+0.278) | Contract_Two year (+0.277) | InternetService_Fiber optic (+0.227),Standard engagement — monitor monthly
1180,2,20.25,36.8,0,0,0,0.16842407,Low Risk,0,0,Contract_Two year (+0.190) | Contract_One year (+0.177) | TechSupport (+0.059),Standard engagement — monitor monthly
293,67,108.75,7156.2,0,1,1,0.16801757,Low Risk,1,0,MonthlyCharges (+0.553) | tenure (+0.231) | InternetService_Fiber optic (+0.196),Standard engagement — monitor monthly
1312,22,69.5,1498.2,1,0,0,0.1677774,Low Risk,1,0,Contract_Two year (+0.208) | PaperlessBilling (+0.108) | StreamingMovies (+0.104),Standard engagement — monitor monthly
300,54,70.15,3715.65,1,0,0,0.16776797,Low Risk,1,0,Contract_Two year (+0.269) | StreamingMovies (+0.148) | TechSupport (+0.114),Standard engagement — monitor monthly
585,36,34.85,1267.2,0,0,0,0.16733909,Low Risk,0,0,Contract_Two year (+0.292) | PhoneService (+0.270) | Contract_One year (+0.202),Standard engagement — monitor monthly
187,53,19.5,1050.5,0,1,0,0.16666168,Low Risk,0,0,TotalCharges (+0.892) | tenure (+0.829) | Partner (+0.159),Standard engagement — monitor monthly
1332,18,19.8,342.3,1,0,0,0.16655493,Low Risk,0,0,Contract_Two year (+0.221) | TotalCharges (+0.099) | MonthlyCharges (+0.090),Standard engagement — monitor monthly
823,48,45.3,2145.0,0,0,0,0.16598192,Low Risk,1,0,PhoneService (+0.352) | Contract_Two year (+0.293) | Contract_One year (+0.176),Standard engagement — monitor monthly
1274,39,47.85,1886.4,1,0,0,0.16554199,Low Risk,0,0,PaymentMethod_Electronic check (+0.341) | Contract_Two year (+0.233) | TechSupport (+0.125),Standard engagement — monitor monthly
1368,64,73.05,4688.65,1,0,0,0.165404,Low Risk,0,0,Contract_Two year (+0.260) | StreamingMovies (+0.181) | StreamingTV (+0.093),Standard engagement — monitor monthly
873,25,54.2,1423.15,1,0,0,0.16442767,Low Risk,0,0,PaymentMethod_Electronic check (+0.236) | PhoneService (+0.209) | Contract_Two year (+0.177),Standard engagement — monitor monthly
36,29,55.25,1620.2,1,0,0,0.16286103,Low Risk,0,0,PaymentMethod_Electronic check (+0.350) | Contract_Two year (+0.193) | OnlineSecurity (+0.079),Standard engagement — monitor monthly
817,67,111.3,7482.1,1,0,1,0.16212657,Low Risk,1,0,InternetService_Fiber optic (+0.227) | Contract_Two year (+0.204) | gender (+0.133),Standard engagement — monitor monthly
895,12,20.05,265.45,0,0,0,0.1621223,Low Risk,0,0,Contract_Two year (+0.334) | Contract_One year (+0.246) | TotalCharges (+0.132),Standard engagement — monitor monthly
1403,26,45.8,1147.0,0,0,0,0.16039856,Low Risk,0,0,TotalCharges (+0.258) | Contract_Two year (+0.246) | PhoneService (+0.170),Standard engagement — monitor monthly
1339,63,108.5,6991.9,0,1,1,0.1577767,Low Risk,0,0,MonthlyCharges (+0.361) | InternetService_Fiber optic (+0.172) | SeniorCitizen (+0.129),Standard engagement — monitor monthly
880,22,57.95,1271.8,0,0,0,0.15553182,Low Risk,0,0,Contract_Two year (+0.227) | Contract_One year (+0.150) | tenure (+0.054),Standard engagement — monitor monthly
168,15,45.9,693.45,1,0,0,0.15544574,Low Risk,0,0,PhoneService (+0.192) | Contract_Two year (+0.188) | TotalCharges (+0.135),Standard engagement — monitor monthly
1000,27,50.35,1411.35,0,0,0,0.15536633,Low Risk,0,0,Contract_Two year (+0.253) | Contract_One year (+0.189) | TechSupport (+0.099),Standard engagement — monitor monthly
813,67,69.35,4653.25,1,0,0,0.15520075,Low Risk,0,0,Contract_Two year (+0.212) | MultipleLines (+0.155) | PaymentMethod_Credit card (automatic) (+0.110),Standard engagement — monitor monthly
77,39,41.15,1700.9,1,0,0,0.15450539,Low Risk,0,0,PhoneService (+0.244) | Contract_Two year (+0.231) | tenure (+0.104),Standard engagement — monitor monthly
28,49,59.6,2970.3,0,0,0,0.15328974,Low Risk,0,0,Contract_Two year (+0.282) | Contract_One year (+0.171) | PaymentMethod_Credit card (automatic) (+0.109),Standard engagement — monitor monthly
338,57,112.95,6465.0,0,1,1,0.1520879,Low Risk,1,0,InternetService_Fiber optic (+0.238) | MonthlyCharges (+0.129) | PaperlessBilling (+0.088),Standard engagement — monitor monthly
69,44,50.15,2139.1,0,0,0,0.15137495,Low Risk,0,0,Contract_Two year (+0.277) | Contract_One year (+0.200) | TechSupport (+0.095),Standard engagement — monitor monthly
123,49,100.45,4941.8,1,0,1,0.15001094,Low Risk,1,0,InternetService_Fiber optic (+0.243) | StreamingMovies (+0.203) | Contract_Two year (+0.175),Standard engagement — monitor monthly
49,48,65.65,3094.65,1,0,0,0.14904733,Low Risk,0,0,Contract_Two year (+0.270) | PaymentMethod_Electronic check (+0.223) | TechSupport (+0.139),Standard engagement — monitor monthly
1271,44,94.4,4295.35,1,0,1,0.14895287,Low Risk,0,0,PaymentMethod_Electronic check (+0.252) | InternetService_Fiber optic (+0.231) | Contract_Two year (+0.158),Standard engagement — monitor monthly
438,26,60.7,1597.4,1,0,0,0.14865683,Low Risk,0,0,SeniorCitizen (+0.313) | Contract_Two year (+0.197) | StreamingMovies (+0.114),Standard engagement — monitor monthly
1147,1,19.3,19.3,0,0,0,0.14852504,Low Risk,0,0,charges_per_tenure (+0.674) | Contract_Two year (+0.197) | Contract_One year (+0.184),Standard engagement — monitor monthly
830,5,20.05,95.55,0,0,0,0.14734848,Low Risk,0,0,Contract_Two year (+0.215) | Contract_One year (+0.198) | OnlineBackup (+0.060),Standard engagement — monitor monthly
44,53,19.85,1049.6,0,1,0,0.14655112,Low Risk,0,0,tenure (+0.779) | TotalCharges (+0.754) | Partner (+0.123),Standard engagement — monitor monthly
95,70,113.65,7714.65,0,1,1,0.1444356,Low Risk,0,0,TotalCharges (+0.251) | tenure (+0.238) | InternetService_Fiber optic (+0.168),Standard engagement — monitor monthly
1248,49,49.65,2409.9,0,1,0,0.14425564,Low Risk,0,0,PhoneService (+0.249) | TotalCharges (+0.160) | OnlineSecurity (+0.127),Standard engagement — monitor monthly
474,44,88.4,3912.9,1,0,1,0.14395954,Low Risk,1,0,Contract_Two year (+0.242) | SeniorCitizen (+0.220) | StreamingMovies (+0.181),Standard engagement — monitor monthly
766,14,19.95,268.4,0,0,0,0.1434047,Low Risk,0,0,Contract_Two year (+0.308) | Contract_One year (+0.236) | TotalCharges (+0.176),Standard engagement — monitor monthly
893,70,104.45,7349.35,0,1,1,0.1430592,Low Risk,0,0,MonthlyCharges (+0.396) | InternetService_Fiber optic (+0.193) | MultipleLines (+0.169),Standard engagement — monitor monthly
1355,19,65.35,1231.85,1,0,0,0.14269212,Low Risk,0,0,Contract_Two year (+0.186) | PaperlessBilling (+0.121) | StreamingMovies (+0.084),Standard engagement — monitor monthly
972,66,80.55,5265.1,0,1,0,0.14253661,Low Risk,1,0,TotalCharges (+0.263) | SeniorCitizen (+0.218) | tenure (+0.167),Standard engagement — monitor monthly
149,17,70.35,1201.65,1,0,0,0.14178333,Low Risk,0,0,Contract_Two year (+0.170) | PaperlessBilling (+0.126) | StreamingTV (+0.083),Standard engagement — monitor monthly
3,2,20.65,38.7,0,0,0,0.14093874,Low Risk,1,0,Contract_Two year (+0.185) | Contract_One year (+0.170) | tenure (+0.102),Standard engagement — monitor monthly
1213,29,90.1,2656.7,1,0,1,0.14061855,Low Risk,0,0,Contract_Two year (+0.213) | SeniorCitizen (+0.163) | InternetService_Fiber optic (+0.159),Standard engagement — monitor monthly
1280,14,51.45,727.85,1,0,0,0.13945492,Low Risk,0,0,TotalCharges (+0.175) | Contract_Two year (+0.173) | PaymentMethod_Credit card (automatic) (+0.129),Standard engagement — monitor monthly
675,8,19.65,169.75,0,0,0,0.13854519,Low Risk,0,0,Contract_Two year (+0.254) | Contract_One year (+0.202) | Partner (+0.078),Standard engagement — monitor monthly
807,64,94.6,5948.7,0,1,1,0.13829969,Low Risk,0,0,MonthlyCharges (+0.374) | InternetService_Fiber optic (+0.198) | MultipleLines (+0.139),Standard engagement — monitor monthly
583,40,50.15,2058.5,0,0,0,0.1380237,Low Risk,0,0,Contract_Two year (+0.305) | Contract_One year (+0.197) | TechSupport (+0.146),Standard engagement — monitor monthly
654,35,59.45,2136.9,0,0,0,0.13730173,Low Risk,0,0,Contract_Two year (+0.267) | Contract_One year (+0.210) | TechSupport (+0.115),Standard engagement — monitor monthly
1186,72,105.0,7578.05,1,0,1,0.135894,Low Risk,0,0,MonthlyCharges (+0.286) | Contract_Two year (+0.188) | InternetService_Fiber optic (+0.186),Standard engagement — monitor monthly
280,55,54.55,2978.3,0,0,0,0.13517895,Low Risk,1,0,Contract_Two year (+0.280) | PhoneService (+0.254) | Contract_One year (+0.114),Standard engagement — monitor monthly
700,26,51.55,1295.4,1,0,0,0.13360181,Low Risk,0,0,Contract_Two year (+0.180) | PaymentMethod_Credit card (automatic) (+0.121) | TechSupport (+0.088),Standard engagement — monitor monthly
1208,45,96.75,4442.75,1,0,1,0.13348219,Low Risk,0,0,InternetService_Fiber optic (+0.210) | Contract_Two year (+0.192) | StreamingMovies (+0.139),Standard engagement — monitor monthly
337,68,110.25,7279.35,0,1,1,0.13279942,Low Risk,0,0,MonthlyCharges (+0.371) | InternetService_Fiber optic (+0.197) | tenure (+0.153),Standard engagement — monitor monthly
725,61,106.0,6547.7,1,0,1,0.13186656,Low Risk,1,0,InternetService_Fiber optic (+0.252) | PaymentMethod_Electronic check (+0.155) | Contract_Two year (+0.146),Standard engagement — monitor monthly
1040,29,60.2,1834.15,0,0,0,0.1310841,Low Risk,0,0,Contract_Two year (+0.251) | Contract_One year (+0.135) | TechSupport (+0.082),Standard engagement — monitor monthly
1360,67,105.05,7171.7,0,1,1,0.13092034,Low Risk,0,0,MonthlyCharges (+0.243) | InternetService_Fiber optic (+0.179) | tenure (+0.146),Standard engagement — monitor monthly
129,42,54.5,2301.15,0,0,0,0.13066009,Low Risk,0,0,Contract_Two year (+0.297) | Contract_One year (+0.189) | TechSupport (+0.137),Standard engagement — monitor monthly
1038,43,50.2,2169.4,0,0,0,0.1301651,Low Risk,0,0,Contract_Two year (+0.290) | Contract_One year (+0.182) | TechSupport (+0.134),Standard engagement — monitor monthly
7,7,20.65,155.9,0,0,0,0.13006856,Low Risk,0,0,Contract_Two year (+0.237) | Contract_One year (+0.195) | gender (+0.087),Standard engagement — monitor monthly
13,37,40.2,1525.35,1,0,0,0.12985225,Low Risk,0,0,PaymentMethod_Electronic check (+0.318) | PhoneService (+0.220) | Contract_Two year (+0.158),Standard engagement — monitor monthly
570,46,90.95,4236.6,1,0,1,0.12897597,Low Risk,0,0,Contract_Two year (+0.210) | InternetService_Fiber optic (+0.207) | StreamingMovies (+0.113),Standard engagement — monitor monthly
1399,53,19.65,978.0,0,1,0,0.1288126,Low Risk,0,0,tenure (+0.822) | TotalCharges (+0.276) | Contract_One year (+0.120),Standard engagement — monitor monthly
46,64,70.15,4480.7,1,0,0,0.12782066,Low Risk,0,0,Contract_Two year (+0.223) | StreamingMovies (+0.174) | MultipleLines (+0.087),Standard engagement — monitor monthly
6,33,24.15,800.3,1,0,0,0.12740892,Low Risk,0,0,MonthlyCharges (+0.394) | Contract_Two year (+0.162) | gender (+0.137),Standard engagement — monitor monthly
947,61,100.7,6018.65,1,0,1,0.12736763,Low Risk,0,0,Contract_Two year (+0.255) | InternetService_Fiber optic (+0.223) | StreamingMovies (+0.156),Standard engagement — monitor monthly
954,62,110.8,6840.95,1,0,1,0.12649427,Low Risk,0,0,InternetService_Fiber optic (+0.247) | PaymentMethod_Electronic check (+0.173) | Contract_Two year (+0.172),Standard engagement — monitor monthly
482,56,68.45,4014.0,1,0,0,0.12575074,Low Risk,0,0,SeniorCitizen (+0.338) | Contract_Two year (+0.201) | PaymentMethod_Credit card (automatic) (+0.173),Standard engagement — monitor monthly
1183,25,81.75,2028.8,0,0,0,0.123984985,Low Risk,0,0,Contract_Two year (+0.207) | Contract_One year (+0.092) | MultipleLines (+0.084),Standard engagement — monitor monthly
472,39,48.95,1880.85,0,0,0,0.12269015,Low Risk,1,0,Contract_Two year (+0.299) | Contract_One year (+0.199) | PhoneService (+0.197),Standard engagement — monitor monthly
704,36,51.05,1815.0,0,0,0,0.12205201,Low Risk,0,0,Contract_Two year (+0.311) | Contract_One year (+0.211) | TechSupport (+0.118),Standard engagement — monitor monthly
1346,26,78.95,2034.25,1,0,1,0.12159557,Low Risk,0,0,Contract_Two year (+0.206) | InternetService_Fiber optic (+0.191) | StreamingMovies (+0.139),Standard engagement — monitor monthly
416,7,19.9,173.15,1,0,0,0.11945897,Low Risk,0,0,Contract_Two year (+0.184) | gender (+0.073) | OnlineSecurity (+0.071),Standard engagement — monitor monthly
492,30,48.8,1536.75,0,0,0,0.119434565,Low Risk,0,0,Contract_Two year (+0.311) | Contract_One year (+0.220) | TechSupport (+0.116),Standard engagement — monitor monthly
609,62,97.95,5936.55,1,0,1,0.11610828,Low Risk,0,0,Contract_Two year (+0.214) | InternetService_Fiber optic (+0.161) | SeniorCitizen (+0.130),Standard engagement — monitor monthly
263,64,115.0,7396.15,1,0,1,0.115707055,Low Risk,0,0,InternetService_Fiber optic (+0.235) | PaymentMethod_Electronic check (+0.172) | Contract_Two year (+0.170),Standard engagement — monitor monthly
424,47,25.4,1139.2,0,0,0,0.11470009,Low Risk,0,0,TotalCharges (+0.402) | Contract_Two year (+0.281) | PaymentMethod_Electronic check (+0.270),Standard engagement — monitor monthly
1266,27,49.85,1336.15,0,0,0,0.11408082,Low Risk,0,0,Contract_Two year (+0.263) | Contract_One year (+0.190) | TechSupport (+0.097),Standard engagement — monitor monthly
679,51,78.65,3950.85,1,0,0,0.113532655,Low Risk,0,0,Contract_Two year (+0.276) | StreamingMovies (+0.136) | MultipleLines (+0.107),Standard engagement — monitor monthly
785,59,66.4,3958.2,1,0,0,0.11254721,Low Risk,0,0,Contract_Two year (+0.237) | TechSupport (+0.069) | Dependents (+0.061),Standard engagement — monitor monthly
521,71,95.75,6849.4,0,1,1,0.11224902,Low Risk,0,0,MonthlyCharges (+0.428) | InternetService_Fiber optic (+0.201) | MultipleLines (+0.180),Standard engagement — monitor monthly
47,59,80.1,4693.2,1,0,0,0.111677654,Low Risk,0,0,Contract_Two year (+0.238) | PaymentMethod_Electronic check (+0.223) | MultipleLines (+0.102),Standard engagement — monitor monthly
589,30,70.4,2044.75,1,0,0,0.11166495,Low Risk,0,0,PaymentMethod_Electronic check (+0.308) | Contract_Two year (+0.178) | StreamingTV (+0.077),Standard engagement — monitor monthly
251,31,66.4,2019.8,0,0,0,0.111428455,Low Risk,0,0,Contract_Two year (+0.258) | Contract_One year (+0.128) | OnlineSecurity (+0.063),Standard engagement — monitor monthly
613,50,75.7,3876.2,1,0,0,0.111266576,Low Risk,0,0,Contract_Two year (+0.292) | StreamingMovies (+0.145) | MultipleLines (+0.110),Standard engagement — monitor monthly
868,48,73.85,3581.4,1,0,0,0.110756025,Low Risk,0,0,Contract_Two year (+0.240) | MonthlyCharges (+0.115) | OnlineSecurity (+0.077),Standard engagement — monitor monthly
914,61,59.8,3641.5,0,0,0,0.11045867,Low Risk,0,0,PaymentMethod_Electronic check (+0.355) | Contract_Two year (+0.268) | MultipleLines (+0.159),Standard engagement — monitor monthly
1258,13,19.45,232.1,0,0,0,0.11025388,Low Risk,0,0,Contract_Two year (+0.344) | Contract_One year (+0.269) | TechSupport (+0.070),Standard engagement — monitor monthly
11,9,19.7,180.7,0,0,0,0.10896556,Low Risk,0,0,Contract_Two year (+0.273) | Contract_One year (+0.215) | OnlineBackup (+0.057),Standard engagement — monitor monthly
1394,35,53.15,1930.9,1,0,0,0.10844682,Low Risk,0,0,Contract_Two year (+0.311) | TechSupport (+0.157) | PhoneService (+0.155),Standard engagement — monitor monthly
296,63,70.8,4448.8,1,0,0,0.10839337,Low Risk,0,0,Contract_Two year (+0.216) | PaymentMethod_Credit card (automatic) (+0.085) | Dependents (+0.058),Standard engagement — monitor monthly
139,11,20.45,237.3,0,0,0,0.107595816,Low Risk,0,0,Contract_Two year (+0.262) | Contract_One year (+0.209) | TechSupport (+0.058),Standard engagement — monitor monthly
926,53,20.2,1068.15,1,0,0,0.10644257,Low Risk,0,0,TotalCharges (+0.782) | tenure (+0.569) | Contract_Two year (+0.181),Standard engagement — monitor monthly
571,40,55.25,2139.2,0,0,0,0.106404215,Low Risk,1,0,Contract_Two year (+0.300) | Contract_One year (+0.181) | TechSupport (+0.139),Standard engagement — monitor monthly
952,69,74.1,5031.0,0,1,0,0.10631767,Low Risk,0,0,SeniorCitizen (+0.299) | PaymentMethod_Credit card (automatic) (+0.182) | MultipleLines (+0.155),Standard engagement — monitor monthly
656,62,92.3,5731.45,1,0,1,0.10619264,Low Risk,0,0,Contract_Two year (+0.244) | InternetService_Fiber optic (+0.199) | StreamingMovies (+0.178),Standard engagement — monitor monthly
931,41,70.2,2894.55,1,0,0,0.1036051,Low Risk,0,0,Contract_Two year (+0.194) | TotalCharges (+0.117) | StreamingTV (+0.110),Standard engagement — monitor monthly
642,61,94.1,5638.3,0,1,1,0.10321683,Low Risk,1,0,MonthlyCharges (+0.319) | PaymentMethod_Electronic check (+0.292) | InternetService_Fiber optic (+0.202),Standard engagement — monitor monthly
580,6,80.25,493.4,0,1,0,0.10231874,Low Risk,0,0,charges_per_tenure (+0.977) | StreamingTV (+0.106) | PaperlessBilling (+0.082),Standard engagement — monitor monthly
283,46,30.75,1489.3,1,0,0,0.1020605,Low Risk,0,0,PhoneService (+0.363) | Contract_Two year (+0.203) | TechSupport (+0.103),Standard engagement — monitor monthly
1067,53,19.55,1007.9,1,0,0,0.10147925,Low Risk,0,0,tenure (+0.608) | TotalCharges (+0.278) | Contract_Two year (+0.192),Standard engagement — monitor monthly
343,26,39.95,1023.75,1,0,0,0.101131566,Low Risk,0,0,Contract_Two year (+0.283) | PhoneService (+0.199) | TechSupport (+0.134),Standard engagement — monitor monthly
764,5,20.65,93.55,0,0,0,0.10111911,Low Risk,0,0,Contract_Two year (+0.214) | Contract_One year (+0.180) | OnlineBackup (+0.063),Standard engagement — monitor monthly
14,30,51.2,1561.5,0,0,0,0.10049165,Low Risk,1,0,Contract_Two year (+0.260) | Contract_One year (+0.180) | PhoneService (+0.124),Standard engagement — monitor monthly
1122,57,87.55,4884.85,0,0,1,0.10047499,Low Risk,0,0,Contract_Two year (+0.313) | InternetService_Fiber optic (+0.298) | Contract_One year (+0.240),Standard engagement — monitor monthly
560,12,19.7,260.9,1,0,0,0.100077145,Low Risk,0,0,Contract_Two year (+0.243) | TotalCharges (+0.134) | gender (+0.075),Standard engagement — monitor monthly
795,43,84.25,3539.25,1,0,1,0.099540114,Low Risk,0,0,InternetService_Fiber optic (+0.196) | Contract_Two year (+0.183) | PaperlessBilling (+0.066),Standard engagement — monitor monthly
387,13,24.5,343.6,1,0,0,0.099494755,Low Risk,0,0,Contract_Two year (+0.201) | MultipleLines (+0.090) | OnlineSecurity (+0.076),Standard engagement — monitor monthly
1025,71,72.9,5139.65,1,0,0,0.099385545,Low Risk,0,0,SeniorCitizen (+0.224) | Contract_Two year (+0.212) | StreamingMovies (+0.182),Standard engagement — monitor monthly
1206,65,93.55,6069.25,1,0,1,0.09815257,Low Risk,0,0,PaymentMethod_Electronic check (+0.203) | Contract_Two year (+0.198) | InternetService_Fiber optic (+0.178),Standard engagement — monitor monthly
1174,36,63.7,2188.5,1,0,0,0.097629204,Low Risk,0,0,Contract_Two year (+0.226) | StreamingMovies (+0.112) | TechSupport (+0.107),Standard engagement — monitor monthly
523,39,80.45,3201.55,0,1,1,0.0973096,Low Risk,1,0,PaymentMethod_Electronic check (+0.260) | InternetService_Fiber optic (+0.207) | Contract_One year (+0.088),Standard engagement — monitor monthly
1306,2,19.25,48.35,0,0,0,0.09634123,Low Risk,0,0,Contract_Two year (+0.184) | Contract_One year (+0.182) | OnlineBackup (+0.069),Standard engagement — monitor monthly
315,41,66.5,2728.6,1,0,0,0.09631381,Low Risk,1,0,Contract_Two year (+0.268) | StreamingMovies (+0.098) | OnlineSecurity (+0.061),Standard engagement — monitor monthly
1026,69,99.35,6856.45,0,1,1,0.09564627,Low Risk,0,0,MonthlyCharges (+0.297) | InternetService_Fiber optic (+0.204) | PaymentMethod_Electronic check (+0.201),Standard engagement — monitor monthly
237,68,92.2,6392.85,0,1,0,0.09550709,Low Risk,0,0,tenure (+0.284) | TotalCharges (+0.253) | MonthlyCharges (+0.178),Standard engagement — monitor monthly
836,59,82.95,4903.15,1,0,1,0.09539834,Low Risk,0,0,Contract_Two year (+0.239) | SeniorCitizen (+0.169) | InternetService_Fiber optic (+0.131),Standard engagement — monitor monthly
200,35,25.4,949.8,0,1,0,0.09507915,Low Risk,0,0,TotalCharges (+0.167) | MultipleLines (+0.117) | gender (+0.111),Standard engagement — monitor monthly
159,6,19.7,94.45,1,0,0,0.09418026,Low Risk,0,0,Contract_Two year (+0.190) | OnlineBackup (+0.084) | gender (+0.081),Standard engagement — monitor monthly
910,64,66.15,4392.5,1,0,0,0.09299035,Low Risk,0,0,Contract_Two year (+0.207) | MultipleLines (+0.145) | PaymentMethod_Credit card (automatic) (+0.133),Standard engagement — monitor monthly
534,26,75.0,1908.35,1,0,0,0.09290975,Low Risk,0,0,Contract_Two year (+0.205) | StreamingMovies (+0.125) | StreamingTV (+0.115),Standard engagement — monitor monthly
1050,68,113.15,7856.0,0,1,1,0.09225667,Low Risk,1,0,tenure (+0.258) | InternetService_Fiber optic (+0.186) | MultipleLines (+0.111),Standard engagement — monitor monthly
450,62,102.0,6529.25,1,0,1,0.092165574,Low Risk,1,0,Contract_Two year (+0.217) | InternetService_Fiber optic (+0.201) | PaymentMethod_Electronic check (+0.174),Standard engagement — monitor monthly
1014,45,54.15,2319.8,1,0,0,0.09204858,Low Risk,1,0,Contract_Two year (+0.181) | PaymentMethod_Credit card (automatic) (+0.080) | OnlineSecurity (+0.069),Standard engagement — monitor monthly
321,16,19.3,360.35,1,0,0,0.09179651,Low Risk,0,0,Contract_Two year (+0.218) | tenure (+0.126) | TechSupport (+0.065),Standard engagement — monitor monthly
250,30,25.35,723.3,1,0,0,0.09165121,Low Risk,0,0,TotalCharges (+0.355) | Contract_Two year (+0.168) | OnlineSecurity (+0.091),Standard engagement — monitor monthly
938,71,109.3,7782.85,0,1,1,0.09090398,Low Risk,0,0,MonthlyCharges (+0.374) | InternetService_Fiber optic (+0.181) | TotalCharges (+0.162),Standard engagement — monitor monthly
84,46,70.6,3231.05,1,0,0,0.08950528,Low Risk,0,0,Contract_Two year (+0.259) | StreamingMovies (+0.125) | TotalCharges (+0.121),Standard engagement — monitor monthly
860,25,99.3,2513.5,0,1,1,0.08750827,Low Risk,0,0,MonthlyCharges (+0.361) | InternetService_Fiber optic (+0.190) | StreamingTV (+0.095),Standard engagement — monitor monthly
1012,10,20.1,184.4,1,0,0,0.08750416,Low Risk,0,0,Contract_Two year (+0.203) | gender (+0.074) | OnlineSecurity (+0.070),Standard engagement — monitor monthly
856,27,53.45,1461.45,0,0,0,0.087227,Low Risk,0,0,Contract_Two year (+0.227) | Contract_One year (+0.186) | OnlineBackup (+0.047),Standard engagement — monitor monthly
1366,64,110.3,6997.3,0,1,1,0.086983606,Low Risk,0,0,MonthlyCharges (+0.303) | InternetService_Fiber optic (+0.231) | MultipleLines (+0.104),Standard engagement — monitor monthly
967,55,59.2,3175.85,0,1,0,0.08671922,Low Risk,0,0,PaymentMethod_Electronic check (+0.388) | Dependents (+0.071) | PaymentMethod_Mailed check (+0.046),Standard engagement — monitor monthly
314,61,19.75,1124.2,0,1,0,0.08649612,Low Risk,0,0,TotalCharges (+0.366) | MonthlyCharges (+0.224) | Partner (+0.174),Standard engagement — monitor monthly
435,42,60.15,2421.6,1,0,0,0.08649313,Low Risk,0,0,Contract_Two year (+0.249) | TotalCharges (+0.076) | TechSupport (+0.073),Standard engagement — monitor monthly
326,64,105.4,6794.75,0,1,1,0.08608995,Low Risk,0,0,MonthlyCharges (+0.547) | InternetService_Fiber optic (+0.239) | MultipleLines (+0.155),Standard engagement — monitor monthly
545,21,64.85,1336.8,1,0,0,0.08522838,Low Risk,0,0,Contract_Two year (+0.202) | StreamingMovies (+0.096) | TechSupport (+0.053),Standard engagement — monitor monthly
908,60,110.6,6586.85,0,1,1,0.08499866,Low Risk,0,0,InternetService_Fiber optic (+0.204) | MultipleLines (+0.151) | StreamingTV (+0.101),Standard engagement — monitor monthly
904,66,67.45,4508.65,0,0,0,0.08493221,Low Risk,0,0,Contract_Two year (+0.261) | Contract_One year (+0.176) | MultipleLines (+0.103),Standard engagement — monitor monthly
828,64,115.1,7334.05,0,1,1,0.08491473,Low Risk,0,0,MonthlyCharges (+0.253) | InternetService_Fiber optic (+0.248) | Partner (+0.118),Standard engagement — monitor monthly
328,60,116.05,6925.9,0,1,1,0.0848434,Low Risk,0,0,MonthlyCharges (+0.321) | InternetService_Fiber optic (+0.208) | SeniorCitizen (+0.129),Standard engagement — monitor monthly
274,15,19.65,270.6,1,0,0,0.08377557,Low Risk,0,0,TotalCharges (+0.241) | Contract_Two year (+0.225) | gender (+0.087),Standard engagement — monitor monthly
428,70,60.35,4138.7,1,0,0,0.08141985,Low Risk,0,0,PaymentMethod_Electronic check (+0.313) | PhoneService (+0.241) | Contract_Two year (+0.168),Standard engagement — monitor monthly
982,22,67.5,1544.05,1,0,0,0.08081364,Low Risk,1,0,Contract_Two year (+0.187) | PaperlessBilling (+0.082) | StreamingTV (+0.078),Standard engagement — monitor monthly
665,10,19.95,219.5,1,0,0,0.08032772,Low Risk,0,0,Contract_Two year (+0.203) | TotalCharges (+0.068) | OnlineBackup (+0.065),Standard engagement — monitor monthly
936,44,65.4,2774.55,1,0,0,0.07977713,Low Risk,0,0,PaymentMethod_Electronic check (+0.319) | Contract_Two year (+0.218) | StreamingTV (+0.063),Standard engagement — monitor monthly
171,63,68.8,4111.35,1,0,0,0.07918858,Low Risk,0,0,Contract_Two year (+0.213) | MultipleLines (+0.059) | PaymentMethod_Mailed check (+0.044),Standard engagement — monitor monthly
377,50,39.7,1932.75,0,1,0,0.079148054,Low Risk,0,0,PhoneService (+0.193) | OnlineSecurity (+0.142) | Contract_One year (+0.089),Standard engagement — monitor monthly
379,26,75.5,2018.1,1,0,1,0.07883059,Low Risk,0,0,Contract_Two year (+0.187) | InternetService_Fiber optic (+0.166) | TechSupport (+0.081),Standard engagement — monitor monthly
120,35,26.2,954.9,1,0,0,0.07874803,Low Risk,0,0,Contract_Two year (+0.173) | OnlineSecurity (+0.085) | MonthlyCharges (+0.059),Standard engagement — monitor monthly
1404,3,19.45,69.25,1,0,0,0.07804162,Low Risk,0,0,charges_per_tenure (+0.215) | Contract_Two year (+0.151) | PaperlessBilling (+0.088),Standard engagement — monitor monthly
219,39,45.05,1790.6,1,0,0,0.077443525,Low Risk,0,0,Contract_Two year (+0.211) | PhoneService (+0.184) | StreamingTV (+0.070),Standard engagement — monitor monthly
962,71,99.0,6994.6,0,1,1,0.07724276,Low Risk,0,0,PaymentMethod_Electronic check (+0.284) | InternetService_Fiber optic (+0.183) | MonthlyCharges (+0.176),Standard engagement — monitor monthly
295,64,86.8,5327.25,0,0,1,0.07711269,Low Risk,0,0,Contract_Two year (+0.267) | InternetService_Fiber optic (+0.252) | Contract_One year (+0.163),Standard engagement — monitor monthly
178,11,20.6,233.9,1,0,0,0.075634114,Low Risk,0,0,Contract_Two year (+0.199) | Partner (+0.102) | gender (+0.068),Standard engagement — monitor monthly
188,41,35.4,1412.4,1,0,0,0.0752543,Low Risk,0,0,PhoneService (+0.244) | Contract_Two year (+0.218) | TechSupport (+0.087),Standard engagement — monitor monthly
459,23,55.8,1327.85,1,0,0,0.0747145,Low Risk,0,0,Contract_Two year (+0.186) | OnlineSecurity (+0.054) | TechSupport (+0.032),Standard engagement — monitor monthly
1207,23,81.85,1810.85,1,0,1,0.07456568,Low Risk,0,0,Contract_Two year (+0.161) | InternetService_Fiber optic (+0.142) | MultipleLines (+0.065),Standard engagement — monitor monthly
573,61,89.2,5500.6,0,0,1,0.07444833,Low Risk,0,0,Contract_Two year (+0.318) | InternetService_Fiber optic (+0.257) | TechSupport (+0.157),Standard engagement — monitor monthly
1085,56,75.75,4284.65,1,0,0,0.07359172,Low Risk,0,0,Contract_Two year (+0.265) | StreamingMovies (+0.165) | StreamingTV (+0.095),Standard engagement — monitor monthly
630,51,81.15,4126.2,1,0,0,0.07346648,Low Risk,0,0,Contract_Two year (+0.239) | MultipleLines (+0.083) | PaymentMethod_Credit card (automatic) (+0.078),Standard engagement — monitor monthly
485,23,68.75,1689.45,1,0,0,0.073044315,Low Risk,0,0,Contract_Two year (+0.198) | StreamingMovies (+0.068) | PaperlessBilling (+0.060),Standard engagement — monitor monthly
1172,59,76.75,4541.9,1,0,0,0.07169202,Low Risk,0,0,Contract_Two year (+0.257) | StreamingMovies (+0.168) | StreamingTV (+0.059),Standard engagement — monitor monthly
1227,38,62.3,2354.8,1,0,0,0.071599476,Low Risk,1,0,Contract_Two year (+0.260) | StreamingMovies (+0.136) | TotalCharges (+0.120),Standard engagement — monitor monthly
671,44,61.9,2924.05,0,0,0,0.07095064,Low Risk,0,0,Contract_Two year (+0.278) | Contract_One year (+0.166) | OnlineSecurity (+0.072),Standard engagement — monitor monthly
1076,23,25.6,514.75,0,1,0,0.070719436,Low Risk,0,0,MultipleLines (+0.163) | Contract_One year (+0.078) | PaperlessBilling (+0.069),Standard engagement — monitor monthly
582,72,89.55,6448.85,0,1,0,0.07017099,Low Risk,0,0,SeniorCitizen (+0.625) | gender (+0.183) | TotalCharges (+0.182),Standard engagement — monitor monthly
819,3,26.4,121.25,0,1,0,0.0699758,Low Risk,0,0,PaperlessBilling (+0.150) | Contract_One year (+0.079) | charges_per_tenure (+0.074),Standard engagement — monitor monthly
1290,29,58.0,1734.5,1,0,0,0.06939763,Low Risk,0,0,Contract_Two year (+0.175) | PaymentMethod_Credit card (automatic) (+0.100) | gender (+0.035),Standard engagement — monitor monthly
216,41,50.05,2029.05,1,0,0,0.069082,Low Risk,0,0,Contract_Two year (+0.211) | OnlineSecurity (+0.067) | PaymentMethod_Mailed check (+0.045),Standard engagement — monitor monthly
559,64,81.25,5567.55,1,0,0,0.06870404,Low Risk,0,0,PaymentMethod_Electronic check (+0.309) | Contract_Two year (+0.206) | MultipleLines (+0.085),Standard engagement — monitor monthly
768,29,45.0,1242.45,0,0,0,0.068610616,Low Risk,0,0,Contract_Two year (+0.303) | Contract_One year (+0.185) | PhoneService (+0.157),Standard engagement — monitor monthly
1195,58,68.4,3972.25,1,0,0,0.067651674,Low Risk,0,0,PaymentMethod_Electronic check (+0.270) | Contract_Two year (+0.181) | MultipleLines (+0.095),Standard engagement — monitor monthly
365,55,50.55,2832.75,0,0,0,0.06756063,Low Risk,0,0,Contract_Two year (+0.226) | Contract_One year (+0.204) | PaymentMethod_Credit card (automatic) (+0.130),Standard engagement — monitor monthly
478,6,19.45,113.5,1,0,0,0.06724119,Low Risk,0,0,Contract_Two year (+0.195) | Partner (+0.096) | OnlineBackup (+0.077),Standard engagement — monitor monthly
659,9,20.1,190.25,1,0,0,0.06692505,Low Risk,0,0,Contract_Two year (+0.198) | OnlineSecurity (+0.073) | OnlineBackup (+0.064),Standard engagement — monitor monthly
1062,70,76.1,5264.25,0,1,0,0.066921905,Low Risk,0,0,TotalCharges (+0.256) | MultipleLines (+0.154) | PaymentMethod_Credit card (automatic) (+0.098),Standard engagement — monitor monthly
790,7,19.85,144.15,0,1,0,0.06669071,Low Risk,0,0,TotalCharges (+0.162) | MonthlyCharges (+0.151) | gender (+0.096),Standard engagement — monitor monthly
1304,48,60.35,2896.4,1,0,0,0.06603928,Low Risk,1,0,Contract_Two year (+0.209) | PaymentMethod_Credit card (automatic) (+0.141) | TotalCharges (+0.091),Standard engagement — monitor monthly
1157,67,81.35,5398.6,0,1,0,0.065857135,Low Risk,0,0,tenure (+0.182) | TotalCharges (+0.157) | TechSupport (+0.091),Standard engagement — monitor monthly
848,14,39.7,692.35,0,1,0,0.065589435,Low Risk,0,0,SeniorCitizen (+0.346) | PhoneService (+0.191) | Contract_One year (+0.111),Standard engagement — monitor monthly
961,2,19.85,35.9,1,0,0,0.06504359,Low Risk,1,0,Contract_Two year (+0.155) | Partner (+0.083) | OnlineBackup (+0.063),Standard engagement — monitor monthly
1084,25,25.5,630.6,0,1,0,0.06502949,Low Risk,0,0,MultipleLines (+0.207) | PaymentMethod_Credit card (automatic) (+0.092) | Contract_One year (+0.079),Standard engagement — monitor monthly
1236,25,19.15,477.6,0,0,0,0.06489846,Low Risk,0,0,Contract_Two year (+0.247) | Contract_One year (+0.241) | OnlineSecurity (+0.086),Standard engagement — monitor monthly
827,52,30.1,1623.4,1,0,0,0.06364014,Low Risk,0,0,PhoneService (+0.343) | Contract_Two year (+0.227) | OnlineSecurity (+0.126),Standard engagement — monitor monthly
1015,18,24.65,471.35,0,1,0,0.063502625,Low Risk,0,0,MultipleLines (+0.177) | Contract_One year (+0.113) | gender (+0.087),Standard engagement — monitor monthly
1384,69,60.8,4263.4,1,0,0,0.06285536,Low Risk,0,0,Contract_Two year (+0.226) | StreamingMovies (+0.178) | PhoneService (+0.178),Standard engagement — monitor monthly
876,68,85.5,5696.6,1,0,1,0.06230204,Low Risk,0,0,Contract_Two year (+0.242) | InternetService_Fiber optic (+0.189) | TechSupport (+0.108),Standard engagement — monitor monthly
1003,51,95.15,5000.05,1,0,1,0.062293705,Low Risk,0,0,InternetService_Fiber optic (+0.206) | MultipleLines (+0.134) | Contract_Two year (+0.095),Standard engagement — monitor monthly
1137,64,99.0,6375.8,0,1,1,0.060411245,Low Risk,0,0,InternetService_Fiber optic (+0.218) | MonthlyCharges (+0.126) | TechSupport (+0.113),Standard engagement — monitor monthly
355,71,116.1,8310.55,0,1,1,0.060363628,Low Risk,0,0,InternetService_Fiber optic (+0.199) | MonthlyCharges (+0.182) | MultipleLines (+0.109),Standard engagement — monitor monthly
441,34,26.1,980.35,0,1,0,0.05797125,Low Risk,0,0,TotalCharges (+0.108) | OnlineSecurity (+0.101) | Contract_One year (+0.084),Standard engagement — monitor monthly
319,69,79.45,5502.55,0,1,0,0.057813868,Low Risk,0,0,MultipleLines (+0.163) | PaymentMethod_Credit card (automatic) (+0.102) | StreamingTV (+0.057),Standard engagement — monitor monthly
1222,57,70.1,3913.3,1,0,0,0.05742133,Low Risk,1,0,Contract_Two year (+0.263) | TechSupport (+0.116) | StreamingMovies (+0.108),Standard engagement — monitor monthly
520,60,79.05,4663.4,0,0,0,0.057311762,Low Risk,0,0,Contract_Two year (+0.276) | StreamingTV (+0.070) | Contract_One year (+0.064),Standard engagement — monitor monthly
963,23,19.5,470.2,0,0,0,0.05721605,Low Risk,0,0,Contract_Two year (+0.251) | Contract_One year (+0.248) | OnlineSecurity (+0.091),Standard engagement — monitor monthly
787,71,116.25,8564.75,0,1,1,0.056896377,Low Risk,0,0,InternetService_Fiber optic (+0.178) | MultipleLines (+0.096) | StreamingTV (+0.096),Standard engagement — monitor monthly
1074,34,19.7,675.6,0,0,0,0.05651693,Low Risk,0,0,Contract_Two year (+0.258) | Contract_One year (+0.253) | MonthlyCharges (+0.216),Standard engagement — monitor monthly
1016,49,49.8,2398.4,0,1,0,0.05637041,Low Risk,0,0,SeniorCitizen (+0.226) | TotalCharges (+0.133) | TechSupport (+0.098),Standard engagement — monitor monthly
432,34,30.4,938.65,1,0,0,0.05636998,Low Risk,0,0,PhoneService (+0.323) | Contract_Two year (+0.207) | TotalCharges (+0.193),Standard engagement — monitor monthly
1371,22,20.55,469.85,0,0,0,0.05613904,Low Risk,0,0,PaymentMethod_Electronic check (+0.248) | Contract_Two year (+0.231) | Contract_One year (+0.194),Standard engagement — monitor monthly
1388,58,89.85,5125.75,1,0,1,0.056022096,Low Risk,0,0,SeniorCitizen (+0.266) | Contract_Two year (+0.202) | InternetService_Fiber optic (+0.135),Standard engagement — monitor monthly
67,23,20.3,470.6,0,0,0,0.055578265,Low Risk,0,0,Contract_Two year (+0.243) | Contract_One year (+0.228) | PaperlessBilling (+0.091),Standard engagement — monitor monthly
431,20,20.35,442.6,0,0,0,0.055538658,Low Risk,0,0,Contract_Two year (+0.269) | Contract_One year (+0.197) | OnlineSecurity (+0.080),Standard engagement — monitor monthly
43,71,97.65,6687.85,1,0,1,0.054744616,Low Risk,0,0,Contract_Two year (+0.186) | StreamingMovies (+0.173) | InternetService_Fiber optic (+0.155),Standard engagement — monitor monthly
40,44,61.5,2722.2,1,0,0,0.054255564,Low Risk,0,0,Contract_Two year (+0.235) | TechSupport (+0.113) | TotalCharges (+0.058),Standard engagement — monitor monthly
977,42,84.35,3571.6,0,1,0,0.05389123,Low Risk,0,0,MultipleLines (+0.119) | PaymentMethod_Credit card (automatic) (+0.106) | OnlineBackup (+0.052),Standard engagement — monitor monthly
2,54,20.1,1079.45,0,1,0,0.05222771,Low Risk,0,0,TotalCharges (+0.623) | tenure (+0.254) | Partner (+0.100),Standard engagement — monitor monthly
1143,72,73.45,5329.0,0,1,0,0.05211926,Low Risk,0,0,SeniorCitizen (+0.265) | MultipleLines (+0.145) | TechSupport (+0.109),Standard engagement — monitor monthly
645,41,25.25,996.45,0,0,0,0.051643983,Low Risk,0,0,Contract_Two year (+0.255) | Contract_One year (+0.195) | TotalCharges (+0.101),Standard engagement — monitor monthly
104,34,64.4,2088.75,1,0,0,0.05155616,Low Risk,1,0,Contract_Two year (+0.183) | gender (+0.067) | PaperlessBilling (+0.045),Standard engagement — monitor monthly
748,37,19.5,805.2,0,0,0,0.051447682,Low Risk,0,0,Contract_Two year (+0.277) | Contract_One year (+0.267) | MonthlyCharges (+0.093),Standard engagement — monitor monthly
1363,11,20.55,184.95,1,0,0,0.051375,Low Risk,0,0,Contract_Two year (+0.204) | Partner (+0.121) | OnlineSecurity (+0.072),Standard engagement — monitor monthly
518,9,18.95,185.6,0,0,0,0.05108199,Low Risk,1,0,Contract_Two year (+0.262) | Contract_One year (+0.205) | OnlineSecurity (+0.068),Standard engagement — monitor monthly
481,4,19.7,117.8,1,0,0,0.051008925,Low Risk,0,0,Contract_Two year (+0.165) | TechSupport (+0.056) | OnlineSecurity (+0.051),Standard engagement — monitor monthly
148,58,24.45,1513.6,0,1,0,0.05003606,Low Risk,0,0,tenure (+0.256) | MultipleLines (+0.108) | Contract_One year (+0.097),Standard engagement — monitor monthly
320,50,25.2,1306.3,1,0,0,0.049356673,Low Risk,0,0,PaymentMethod_Electronic check (+0.417) | Contract_Two year (+0.217) | SeniorCitizen (+0.158),Standard engagement — monitor monthly
291,60,97.2,5611.75,0,1,1,0.048440147,Low Risk,0,0,PaymentMethod_Electronic check (+0.277) | InternetService_Fiber optic (+0.186) | StreamingTV (+0.092),Standard engagement — monitor monthly
143,57,69.85,4003.0,0,1,0,0.048097722,Low Risk,0,0,SeniorCitizen (+0.414) | Contract_One year (+0.102) | StreamingTV (+0.063),Standard engagement — monitor monthly
1036,53,62.85,3419.5,1,0,0,0.04752824,Low Risk,0,0,Contract_Two year (+0.181) | tenure (+0.074) | PaymentMethod_Credit card (automatic) (+0.073),Standard engagement — monitor monthly
169,34,55.0,1885.15,1,0,0,0.047277078,Low Risk,0,0,Contract_Two year (+0.248) | TechSupport (+0.077) | MonthlyCharges (+0.026),Standard engagement — monitor monthly
913,14,19.35,324.8,1,0,0,0.046664942,Low Risk,0,0,Contract_Two year (+0.223) | TotalCharges (+0.096) | TechSupport (+0.061),Standard engagement — monitor monthly
672,48,29.5,1423.05,0,0,0,0.04641594,Low Risk,0,0,Contract_Two year (+0.257) | Contract_One year (+0.210) | PhoneService (+0.184),Standard engagement — monitor monthly
1032,21,53.15,1183.2,0,1,0,0.045397732,Low Risk,0,0,PhoneService (+0.191) | Contract_One year (+0.079) | StreamingTV (+0.071),Standard engagement — monitor monthly
400,52,19.35,1031.7,0,1,0,0.04504834,Low Risk,0,0,MonthlyCharges (+0.430) | TotalCharges (+0.269) | Contract_One year (+0.104),Standard engagement — monitor monthly
240,50,70.35,3533.6,0,1,1,0.044611607,Low Risk,0,0,InternetService_Fiber optic (+0.196) | Contract_One year (+0.118) | TechSupport (+0.114),Standard engagement — monitor monthly
1116,36,25.1,930.95,0,1,0,0.044493586,Low Risk,0,0,MultipleLines (+0.094) | Contract_One year (+0.090) | OnlineSecurity (+0.079),Standard engagement — monitor monthly
1359,17,19.55,280.85,1,0,0,0.043454703,Low Risk,0,0,Contract_Two year (+0.214) | TotalCharges (+0.080) | OnlineSecurity (+0.051),Standard engagement — monitor monthly
1365,60,79.0,4801.1,1,0,0,0.043085974,Low Risk,0,0,Contract_Two year (+0.242) | StreamingMovies (+0.169) | StreamingTV (+0.092),Standard engagement — monitor monthly
82,34,67.65,2339.3,0,1,0,0.039774075,Low Risk,0,0,TotalCharges (+0.148) | Contract_One year (+0.093) | gender (+0.089),Standard engagement — monitor monthly
738,15,19.65,332.65,1,0,0,0.039759416,Low Risk,0,0,Contract_Two year (+0.234) | TechSupport (+0.065) | OnlineBackup (+0.056),Standard engagement — monitor monthly
990,66,19.35,1240.8,0,1,0,0.03974774,Low Risk,0,0,MonthlyCharges (+0.412) | Contract_One year (+0.115) | TechSupport (+0.070),Standard engagement — monitor monthly
525,17,20.5,365.8,1,0,0,0.039630145,Low Risk,0,0,Contract_Two year (+0.206) | PaperlessBilling (+0.087) | TechSupport (+0.062),Standard engagement — monitor monthly
850,53,19.9,1110.05,0,1,0,0.039383207,Low Risk,0,0,tenure (+0.608) | TotalCharges (+0.427) | OnlineSecurity (+0.095),Standard engagement — monitor monthly
512,56,59.8,3457.45,0,1,0,0.038972687,Low Risk,0,0,TechSupport (+0.112) | Contract_One year (+0.053) | PaymentMethod_Mailed check (+0.040),Standard engagement — monitor monthly
1352,47,39.65,1798.65,1,0,0,0.03878011,Low Risk,0,0,PhoneService (+0.195) | Contract_Two year (+0.183) | Dependents (+0.072),Standard engagement — monitor monthly
911,70,89.75,6367.2,0,1,0,0.038455665,Low Risk,0,0,gender (+0.106) | MultipleLines (+0.106) | tenure (+0.103),Standard engagement — monitor monthly
592,57,53.35,3090.05,0,1,0,0.03840377,Low Risk,0,0,PhoneService (+0.132) | OnlineSecurity (+0.080) | Dependents (+0.074),Standard engagement — monitor monthly
224,52,50.95,2610.65,1,0,0,0.038391642,Low Risk,0,0,Contract_Two year (+0.165) | TechSupport (+0.118) | OnlineSecurity (+0.106),Standard engagement — monitor monthly
197,56,65.2,3512.15,1,0,0,0.03832133,Low Risk,0,0,Contract_Two year (+0.213) | TechSupport (+0.082) | MultipleLines (+0.060),Standard engagement — monitor monthly
812,70,72.95,5265.55,0,1,0,0.038195483,Low Risk,0,0,TotalCharges (+0.173) | MultipleLines (+0.051) | OnlineSecurity (+0.043),Standard engagement — monitor monthly
232,46,64.2,3009.5,0,1,0,0.037539653,Low Risk,0,0,TotalCharges (+0.146) | PaymentMethod_Credit card (automatic) (+0.105) | OnlineSecurity (+0.091),Standard engagement — monitor monthly
162,50,70.8,3478.15,1,0,0,0.037272215,Low Risk,0,0,Contract_Two year (+0.215) | PaymentMethod_Credit card (automatic) (+0.068) | StreamingTV (+0.049),Standard engagement — monitor monthly
1405,37,40.55,1390.85,0,1,0,0.03682393,Low Risk,0,0,PhoneService (+0.217) | Dependents (+0.054) | Contract_One year (+0.049),Standard engagement — monitor monthly
714,63,81.15,5224.5,1,0,1,0.03670059,Low Risk,0,0,Contract_Two year (+0.223) | InternetService_Fiber optic (+0.161) | TechSupport (+0.115),Standard engagement — monitor monthly
1349,52,75.4,3865.45,1,0,0,0.036135938,Low Risk,0,0,Contract_Two year (+0.288) | StreamingMovies (+0.191) | TechSupport (+0.106),Standard engagement — monitor monthly
81,27,19.15,537.35,0,0,0,0.03585869,Low Risk,0,0,Contract_One year (+0.249) | Contract_Two year (+0.234) | OnlineSecurity (+0.074),Standard engagement — monitor monthly
245,68,88.15,6148.45,0,1,0,0.034851685,Low Risk,0,0,PaymentMethod_Electronic check (+0.346) | tenure (+0.151) | TotalCharges (+0.086),Standard engagement — monitor monthly
153,60,65.85,3928.3,1,0,0,0.034670733,Low Risk,0,0,Contract_Two year (+0.210) | PaymentMethod_Mailed check (+0.039) | DeviceProtection (+0.038),Standard engagement — monitor monthly
737,40,40.25,1564.05,1,0,0,0.034171645,Low Risk,0,0,Contract_Two year (+0.211) | PhoneService (+0.193) | OnlineBackup (+0.029),Standard engagement — monitor monthly
1325,58,70.1,4048.95,0,1,0,0.033989184,Low Risk,0,0,StreamingTV (+0.083) | Partner (+0.070) | Contract_One year (+0.067),Standard engagement — monitor monthly
1201,55,57.55,3046.4,0,1,0,0.03388433,Low Risk,1,0,Contract_One year (+0.047) | PaymentMethod_Mailed check (+0.045) | TotalCharges (+0.031),Standard engagement — monitor monthly
1320,29,26.1,692.55,0,1,0,0.0335165,Low Risk,0,0,TotalCharges (+0.308) | OnlineSecurity (+0.087) | Contract_One year (+0.085),Standard engagement — monitor monthly
1357,72,108.3,7679.65,0,1,1,0.033429116,Low Risk,0,0,MonthlyCharges (+0.270) | TotalCharges (+0.216) | InternetService_Fiber optic (+0.185),Standard engagement — monitor monthly
33,66,63.3,4189.7,0,1,0,0.033267416,Low Risk,0,0,MultipleLines (+0.202) | TechSupport (+0.116) | OnlineSecurity (+0.115),Standard engagement — monitor monthly
146,55,77.8,4323.35,0,1,0,0.033252023,Low Risk,0,0,MultipleLines (+0.136) | TechSupport (+0.120) | OnlineSecurity (+0.104),Standard engagement — monitor monthly
54,23,91.1,2198.3,0,1,0,0.033135843,Low Risk,0,0,MultipleLines (+0.123) | gender (+0.121) | Contract_One year (+0.064),Standard engagement — monitor monthly
791,19,20.6,414.95,0,0,0,0.032976147,Low Risk,0,0,Contract_Two year (+0.266) | Contract_One year (+0.153) | TechSupport (+0.059),Standard engagement — monitor monthly
63,72,105.5,7611.55,0,1,1,0.032895576,Low Risk,0,0,MonthlyCharges (+0.400) | TotalCharges (+0.216) | InternetService_Fiber optic (+0.185),Standard engagement — monitor monthly
934,29,20.0,540.05,1,0,0,0.032649457,Low Risk,0,0,PaymentMethod_Electronic check (+0.321) | Contract_Two year (+0.162) | gender (+0.085),Standard engagement — monitor monthly
231,50,35.4,1748.9,1,0,0,0.032587476,Low Risk,0,0,PhoneService (+0.259) | Contract_Two year (+0.155) | Dependents (+0.066),Standard engagement — monitor monthly
1163,70,58.4,4113.15,1,0,0,0.03254774,Low Risk,0,0,PhoneService (+0.284) | Contract_Two year (+0.219) | StreamingMovies (+0.140),Standard engagement — monitor monthly
568,10,20.45,242.4,1,0,0,0.032449048,Low Risk,0,0,Contract_Two year (+0.197) | Partner (+0.092) | OnlineBackup (+0.068),Standard engagement — monitor monthly
556,14,19.7,263.65,0,1,0,0.03239105,Low Risk,0,0,TotalCharges (+0.159) | Contract_One year (+0.090) | gender (+0.088),Standard engagement — monitor monthly
981,8,20.85,161.65,0,1,0,0.03224101,Low Risk,0,0,Contract_One year (+0.101) | gender (+0.077) | OnlineBackup (+0.067),Standard engagement — monitor monthly
1302,71,71.0,5012.1,1,0,0,0.03222853,Low Risk,0,0,SeniorCitizen (+0.255) | Contract_Two year (+0.177) | StreamingTV (+0.073),Standard engagement — monitor monthly
1259,53,24.6,1279.0,0,1,0,0.03210796,Low Risk,0,0,tenure (+0.513) | OnlineSecurity (+0.101) | Partner (+0.093),Standard engagement — monitor monthly
1058,11,20.9,202.3,0,1,0,0.032042254,Low Risk,0,0,Contract_One year (+0.095) | gender (+0.091) | OnlineBackup (+0.069),Standard engagement — monitor monthly
1397,21,20.85,435.25,0,1,0,0.031676006,Low Risk,0,0,Contract_One year (+0.104) | gender (+0.080) | OnlineSecurity (+0.073),Standard engagement — monitor monthly
1284,72,105.6,7581.5,0,1,1,0.03155429,Low Risk,0,0,MonthlyCharges (+0.329) | TotalCharges (+0.254) | InternetService_Fiber optic (+0.182),Standard engagement — monitor monthly
879,24,24.2,609.05,0,1,0,0.031038769,Low Risk,0,0,MonthlyCharges (+0.207) | MultipleLines (+0.198) | OnlineSecurity (+0.091),Standard engagement — monitor monthly
1373,18,20.1,370.5,0,1,0,0.03031713,Low Risk,0,0,Contract_One year (+0.087) | OnlineSecurity (+0.051) | TechSupport (+0.045),Standard engagement — monitor monthly
995,66,66.9,4370.25,0,1,0,0.030115737,Low Risk,0,0,MultipleLines (+0.116) | Contract_One year (+0.090) | TechSupport (+0.055),Standard engagement — monitor monthly
164,71,111.25,7984.15,0,1,1,0.029987186,Low Risk,0,0,OnlineSecurity (+0.186) | InternetService_Fiber optic (+0.186) | PaymentMethod_Electronic check (+0.162),Standard engagement — monitor monthly
461,19,24.9,467.7,0,1,0,0.029772855,Low Risk,0,0,Contract_One year (+0.109) | MultipleLines (+0.095) | OnlineSecurity (+0.072),Standard engagement — monitor monthly
841,72,118.75,8672.45,0,1,1,0.029504009,Low Risk,0,0,InternetService_Fiber optic (+0.173) | MonthlyCharges (+0.145) | MultipleLines (+0.110),Standard engagement — monitor monthly
1240,44,54.05,2375.2,0,1,0,0.02917426,Low Risk,0,0,TotalCharges (+0.170) | PhoneService (+0.150) | Contract_One year (+0.066),Standard engagement — monitor monthly
235,70,80.6,5460.2,0,1,0,0.028493699,Low Risk,0,0,MultipleLines (+0.174) | StreamingTV (+0.057) | TotalCharges (+0.053),Standard engagement — monitor monthly
1374,55,69.05,3842.6,0,1,1,0.028289855,Low Risk,0,0,InternetService_Fiber optic (+0.203) | TechSupport (+0.131) | Contract_One year (+0.116),Standard engagement — monitor monthly
1276,66,91.7,6075.9,0,1,0,0.02822317,Low Risk,0,0,tenure (+0.250) | MultipleLines (+0.087) | StreamingTV (+0.074),Standard engagement — monitor monthly
598,56,24.15,1402.25,0,1,0,0.027634775,Low Risk,0,0,tenure (+0.271) | OnlineSecurity (+0.097) | Contract_One year (+0.095),Standard engagement — monitor monthly
1005,54,69.9,3883.3,0,0,0,0.027484365,Low Risk,0,0,Contract_Two year (+0.251) | Contract_One year (+0.138) | StreamingTV (+0.065),Standard engagement — monitor monthly
779,55,19.1,1001.5,1,0,0,0.02742813,Low Risk,0,0,tenure (+0.206) | Contract_Two year (+0.178) | TotalCharges (+0.096),Standard engagement — monitor monthly
1219,54,20.4,1090.6,0,1,0,0.02723595,Low Risk,0,0,TotalCharges (+0.569) | tenure (+0.377) | OnlineSecurity (+0.078),Standard engagement — monitor monthly
443,48,24.55,1203.95,1,0,0,0.027235104,Low Risk,0,0,TotalCharges (+0.221) | Contract_Two year (+0.204) | OnlineSecurity (+0.091),Standard engagement — monitor monthly
702,7,19.45,165.35,0,1,0,0.027117683,Low Risk,0,0,Contract_One year (+0.115) | OnlineBackup (+0.061) | OnlineSecurity (+0.056),Standard engagement — monitor monthly
864,47,40.3,1794.8,1,0,0,0.026361497,Low Risk,0,0,PaymentMethod_Electronic check (+0.343) | PhoneService (+0.260) | Contract_Two year (+0.127),Standard engagement — monitor monthly
477,48,70.1,3238.4,0,1,0,0.026135791,Low Risk,0,0,PaymentMethod_Credit card (automatic) (+0.112) | TechSupport (+0.102) | TotalCharges (+0.084),Standard engagement — monitor monthly
1194,71,95.15,6770.85,1,0,1,0.02592845,Low Risk,0,0,InternetService_Fiber optic (+0.145) | MultipleLines (+0.145) | Contract_Two year (+0.119),Standard engagement — monitor monthly
367,49,66.15,3199.0,0,1,0,0.025617635,Low Risk,0,0,tenure (+0.119) | OnlineSecurity (+0.088) | Contract_One year (+0.084),Standard engagement — monitor monthly
238,54,46.0,2424.05,0,1,0,0.025529983,Low Risk,0,0,PhoneService (+0.153) | OnlineSecurity (+0.089) | Contract_One year (+0.082),Standard engagement — monitor monthly
660,24,21.05,531.55,1,0,0,0.025254361,Low Risk,0,0,Contract_Two year (+0.159) | OnlineSecurity (+0.091) | gender (+0.058),Standard engagement — monitor monthly
60,25,35.05,844.45,0,1,0,0.025074543,Low Risk,0,0,PhoneService (+0.222) | Contract_One year (+0.104) | OnlineBackup (+0.059),Standard engagement — monitor monthly
1125,38,85.4,3297.0,0,1,0,0.024863483,Low Risk,0,0,OnlineBackup (+0.070) | StreamingTV (+0.050) | Contract_One year (+0.042),Standard engagement — monitor monthly
99,72,84.5,6130.85,0,1,1,0.024452556,Low Risk,0,0,InternetService_Fiber optic (+0.211) | MultipleLines (+0.177) | TechSupport (+0.157),Standard engagement — monitor monthly
254,17,25.15,412.6,0,1,0,0.024308093,Low Risk,0,0,MultipleLines (+0.105) | Contract_One year (+0.089) | TechSupport (+0.075),Standard engagement — monitor monthly
308,54,91.3,4965.0,0,1,0,0.024290338,Low Risk,0,0,MultipleLines (+0.084) | Contract_One year (+0.064) | StreamingTV (+0.037),Standard engagement — monitor monthly
1216,65,45.25,2933.95,0,1,0,0.02417293,Low Risk,0,0,PhoneService (+0.205) | Contract_One year (+0.077) | OnlineSecurity (+0.071),Standard engagement — monitor monthly
753,25,19.9,505.45,1,0,0,0.024108205,Low Risk,0,0,PaymentMethod_Electronic check (+0.333) | Contract_Two year (+0.165) | OnlineSecurity (+0.078),Standard engagement — monitor monthly
118,72,84.45,5899.85,0,1,0,0.024054341,Low Risk,0,0,SeniorCitizen (+0.388) | MultipleLines (+0.100) | PaymentMethod_Credit card (automatic) (+0.071),Standard engagement — monitor monthly
141,72,109.65,7880.25,0,1,1,0.023775307,Low Risk,0,0,PaymentMethod_Electronic check (+0.211) | InternetService_Fiber optic (+0.155) | StreamingTV (+0.100),Standard engagement — monitor monthly
607,44,24.85,1013.6,1,0,0,0.023694688,Low Risk,0,0,PaymentMethod_Electronic check (+0.336) | Contract_Two year (+0.186) | TotalCharges (+0.107),Standard engagement — monitor monthly
1075,34,20.35,673.2,0,0,0,0.023374982,Low Risk,0,0,Contract_Two year (+0.242) | TotalCharges (+0.237) | Contract_One year (+0.215),Standard engagement — monitor monthly
1193,68,54.45,3674.95,1,0,0,0.02297826,Low Risk,0,0,Contract_Two year (+0.164) | PaymentMethod_Credit card (automatic) (+0.154) | TechSupport (+0.078),Standard engagement — monitor monthly
130,30,19.7,599.25,0,1,0,0.0228508,Low Risk,0,0,gender (+0.094) | Contract_One year (+0.094) | OnlineSecurity (+0.077),Standard engagement — monitor monthly
1292,63,19.25,1237.65,0,1,0,0.02264529,Low Risk,0,0,Contract_One year (+0.116) | OnlineSecurity (+0.070) | TechSupport (+0.062),Standard engagement — monitor monthly
822,65,91.55,5963.95,0,1,0,0.02263975,Low Risk,0,0,MultipleLines (+0.099) | StreamingTV (+0.067) | Contract_One year (+0.054),Standard engagement — monitor monthly
1167,46,24.95,1165.9,1,0,0,0.022571666,Low Risk,0,0,TotalCharges (+0.291) | Contract_Two year (+0.206) | OnlineSecurity (+0.105),Standard engagement — monitor monthly
1205,71,114.6,8100.25,0,1,1,0.022457153,Low Risk,0,0,InternetService_Fiber optic (+0.181) | MultipleLines (+0.111) | StreamingTV (+0.091),Standard engagement — monitor monthly
399,65,58.9,3857.1,0,1,0,0.022434724,Low Risk,0,0,PaymentMethod_Credit card (automatic) (+0.155) | OnlineBackup (+0.088) | Dependents (+0.078),Standard engagement — monitor monthly
694,10,53.7,521.0,0,1,0,0.022368848,Low Risk,0,0,PhoneService (+0.176) | charges_per_tenure (+0.078) | Contract_One year (+0.063),Standard engagement — monitor monthly
389,72,107.45,7576.7,0,1,1,0.022174368,Low Risk,0,0,MonthlyCharges (+0.232) | InternetService_Fiber optic (+0.160) | MultipleLines (+0.149),Standard engagement — monitor monthly
114,23,40.1,857.75,0,1,0,0.022096481,Low Risk,0,0,PhoneService (+0.200) | Contract_One year (+0.092) | OnlineBackup (+0.039),Standard engagement — monitor monthly
27,55,55.25,3119.9,0,1,0,0.022012228,Low Risk,0,0,PaymentMethod_Credit card (automatic) (+0.083) | OnlineSecurity (+0.081) | Contract_One year (+0.076),Standard engagement — monitor monthly
1303,22,25.25,566.5,0,1,0,0.02195433,Low Risk,0,0,MultipleLines (+0.082) | Contract_One year (+0.071) | OnlineSecurity (+0.037),Standard engagement — monitor monthly
302,59,20.35,1267.0,1,0,0,0.021931728,Low Risk,0,0,Contract_Two year (+0.209) | OnlineSecurity (+0.071) | TechSupport (+0.055),Standard engagement — monitor monthly
1385,51,24.6,1266.4,1,0,0,0.02178884,Low Risk,0,0,Contract_Two year (+0.197) | OnlineSecurity (+0.091) | MultipleLines (+0.089),Standard engagement — monitor monthly
994,35,69.15,2490.15,0,1,0,0.021760566,Low Risk,0,0,TotalCharges (+0.164) | PaymentMethod_Credit card (automatic) (+0.090) | Contract_One year (+0.047),Standard engagement — monitor monthly
135,16,19.05,326.65,1,0,0,0.021551602,Low Risk,0,0,Contract_Two year (+0.214) | tenure (+0.086) | TotalCharges (+0.080),Standard engagement — monitor monthly
846,25,18.7,383.65,0,1,0,0.021508517,Low Risk,0,0,Contract_One year (+0.111) | gender (+0.087) | OnlineSecurity (+0.081),Standard engagement — monitor monthly
668,71,58.25,4145.9,0,1,0,0.021139909,Low Risk,0,0,PhoneService (+0.343) | OnlineSecurity (+0.118) | Dependents (+0.083),Standard engagement — monitor monthly
1364,62,86.1,5215.25,0,1,0,0.020826211,Low Risk,0,0,PaymentMethod_Electronic check (+0.303) | StreamingTV (+0.079) | Contract_One year (+0.053),Standard engagement — monitor monthly
191,69,85.35,5897.4,0,1,0,0.020524997,Low Risk,0,0,MultipleLines (+0.121) | PaymentMethod_Credit card (automatic) (+0.110) | Contract_One year (+0.064),Standard engagement — monitor monthly
1048,19,20.85,467.5,0,1,0,0.020495404,Low Risk,0,0,Contract_One year (+0.066) | TechSupport (+0.062) | PaymentMethod_Mailed check (+0.047),Standard engagement — monitor monthly
1406,50,20.15,970.85,0,1,0,0.02030996,Low Risk,0,0,TotalCharges (+0.179) | Partner (+0.123) | Contract_One year (+0.106),Standard engagement — monitor monthly
72,56,45.05,2560.1,0,1,0,0.020211326,Low Risk,0,0,PhoneService (+0.186) | Contract_One year (+0.084) | Dependents (+0.069),Standard engagement — monitor monthly
843,72,110.45,7982.5,0,1,1,0.01984202,Low Risk,0,0,OnlineSecurity (+0.194) | InternetService_Fiber optic (+0.190) | MultipleLines (+0.143),Standard engagement — monitor monthly
1390,72,109.5,7854.9,0,1,1,0.019652987,Low Risk,0,0,MonthlyCharges (+0.238) | InternetService_Fiber optic (+0.175) | StreamingTV (+0.088),Standard engagement — monitor monthly
979,59,19.85,1188.25,0,1,0,0.019643461,Low Risk,0,0,TotalCharges (+0.200) | tenure (+0.163) | OnlineSecurity (+0.076),Standard engagement — monitor monthly
814,4,19.9,76.65,0,1,0,0.019588007,Low Risk,0,0,Contract_One year (+0.109) | OnlineBackup (+0.066) | TechSupport (+0.058),Standard engagement — monitor monthly
372,70,57.8,4039.3,0,1,0,0.01949234,Low Risk,0,0,PhoneService (+0.270) | OnlineSecurity (+0.091) | Dependents (+0.088),Standard engagement — monitor monthly
815,70,64.55,4504.9,0,1,0,0.019389566,Low Risk,0,0,PhoneService (+0.139) | Dependents (+0.072) | Contract_One year (+0.043),Standard engagement — monitor monthly
299,9,20.35,191.1,0,1,0,0.019196229,Low Risk,0,0,Contract_One year (+0.090) | OnlineSecurity (+0.063) | OnlineBackup (+0.060),Standard engagement — monitor monthly
484,45,54.65,2553.7,0,1,0,0.019192839,Low Risk,0,0,Contract_One year (+0.094) | OnlineBackup (+0.043) | PaymentMethod_Mailed check (+0.042),Standard engagement — monitor monthly
689,65,74.8,4820.15,0,1,0,0.01889234,Low Risk,1,0,StreamingTV (+0.069) | Contract_One year (+0.052) | TotalCharges (+0.051),Standard engagement — monitor monthly
1020,64,74.35,4759.55,0,1,0,0.01881843,Low Risk,0,0,TotalCharges (+0.145) | PaperlessBilling (+0.045) | Contract_One year (+0.035),Standard engagement — monitor monthly
878,50,19.4,1023.95,0,1,0,0.018797372,Low Risk,0,0,TotalCharges (+0.242) | Contract_One year (+0.112) | OnlineSecurity (+0.090),Standard engagement — monitor monthly
113,72,97.75,6991.6,0,1,1,0.01878806,Low Risk,0,0,MonthlyCharges (+0.226) | InternetService_Fiber optic (+0.169) | MultipleLines (+0.142),Standard engagement — monitor monthly
94,57,74.35,4317.35,0,1,0,0.01872015,Low Risk,0,0,TechSupport (+0.109) | StreamingTV (+0.091) | Contract_One year (+0.078),Standard engagement — monitor monthly
1123,64,53.85,3399.85,1,0,0,0.018590238,Low Risk,0,0,Contract_Two year (+0.175) | OnlineSecurity (+0.109) | TechSupport (+0.093),Standard engagement — monitor monthly
236,72,89.75,6595.9,0,1,0,0.018568082,Low Risk,0,0,gender (+0.183) | MultipleLines (+0.100) | Contract_One year (+0.048),Standard engagement — monitor monthly
657,71,113.15,7993.3,0,1,1,0.018375594,Low Risk,0,0,InternetService_Fiber optic (+0.184) | MultipleLines (+0.113) | StreamingTV (+0.077),Standard engagement — monitor monthly
1282,71,80.45,5662.25,0,1,0,0.018314514,Low Risk,0,0,MultipleLines (+0.199) | OnlineSecurity (+0.090) | StreamingTV (+0.066),Standard engagement — monitor monthly
909,42,19.35,867.3,0,1,0,0.01812867,Low Risk,0,0,MonthlyCharges (+0.294) | Contract_One year (+0.120) | OnlineSecurity (+0.083),Standard engagement — monitor monthly
421,66,29.45,1983.15,1,0,0,0.018100023,Low Risk,0,0,PhoneService (+0.224) | Contract_Two year (+0.180) | OnlineSecurity (+0.086),Standard engagement — monitor monthly
48,70,86.45,5950.2,0,1,0,0.018090932,Low Risk,0,0,PaymentMethod_Credit card (automatic) (+0.079) | gender (+0.049) | Contract_One year (+0.040),Standard engagement — monitor monthly
127,68,82.85,5776.45,0,1,0,0.017875366,Low Risk,0,0,StreamingTV (+0.063) | PaymentMethod_Mailed check (+0.041) | tenure (+0.041),Standard engagement — monitor monthly
1253,20,20.0,416.45,1,0,0,0.01780554,Low Risk,0,0,Contract_Two year (+0.166) | OnlineSecurity (+0.089) | PaperlessBilling (+0.088),Standard engagement — monitor monthly
548,72,92.3,6719.9,0,1,0,0.01748811,Low Risk,0,0,MonthlyCharges (+0.131) | MultipleLines (+0.098) | StreamingTV (+0.077),Standard engagement — monitor monthly
1264,37,20.35,697.65,0,0,0,0.017474629,Low Risk,0,0,Contract_Two year (+0.253) | Contract_One year (+0.225) | OnlineSecurity (+0.072),Standard engagement — monitor monthly
447,69,64.15,4254.1,0,1,0,0.017435957,Low Risk,0,0,MultipleLines (+0.206) | PaymentMethod_Credit card (automatic) (+0.142) | Contract_One year (+0.087),Standard engagement — monitor monthly
883,49,74.45,3721.9,0,1,0,0.01727393,Low Risk,0,0,OnlineSecurity (+0.089) | Contract_One year (+0.070) | OnlineBackup (+0.063),Standard engagement — monitor monthly
655,50,24.9,1195.25,0,1,0,0.017049704,Low Risk,0,0,TotalCharges (+0.112) | Contract_One year (+0.090) | OnlineSecurity (+0.089),Standard engagement — monitor monthly
1052,66,25.45,1699.15,1,0,0,0.017031102,Low Risk,0,0,Contract_Two year (+0.185) | MultipleLines (+0.093) | OnlineSecurity (+0.074),Standard engagement — monitor monthly
780,71,113.65,8166.8,0,1,1,0.016986623,Low Risk,0,0,InternetService_Fiber optic (+0.168) | MultipleLines (+0.114) | StreamingTV (+0.087),Standard engagement — monitor monthly
745,57,19.9,1115.6,0,1,0,0.016917307,Low Risk,0,0,TotalCharges (+0.345) | Contract_One year (+0.098) | OnlineSecurity (+0.079),Standard engagement — monitor monthly
852,59,90.3,5194.05,0,1,0,0.016812952,Low Risk,0,0,MultipleLines (+0.091) | Contract_One year (+0.064) | StreamingTV (+0.049),Standard engagement — monitor monthly
918,64,20.05,1198.05,0,1,0,0.016578596,Low Risk,0,0,SeniorCitizen (+0.165) | Contract_One year (+0.108) | Partner (+0.070),Standard engagement — monitor monthly
309,69,66.9,4577.9,0,1,0,0.016526354,Low Risk,0,0,MultipleLines (+0.123) | Contract_One year (+0.081) | Dependents (+0.061),Standard engagement — monitor monthly
783,37,62.8,2278.75,0,1,0,0.016476048,Low Risk,0,0,Contract_One year (+0.089) | MultipleLines (+0.075) | PaymentMethod_Credit card (automatic) (+0.075),Standard engagement — monitor monthly
92,20,19.7,419.4,0,1,0,0.016467875,Low Risk,0,0,Contract_One year (+0.107) | OnlineSecurity (+0.080) | PaperlessBilling (+0.069),Standard engagement — monitor monthly
429,66,19.7,1253.8,0,1,0,0.016307427,Low Risk,0,0,Partner (+0.091) | Contract_One year (+0.091) | TechSupport (+0.070),Standard engagement — monitor monthly
1033,72,115.15,8349.45,0,1,1,0.016294764,Low Risk,0,0,InternetService_Fiber optic (+0.171) | StreamingTV (+0.101) | MultipleLines (+0.097),Standard engagement — monitor monthly
332,61,80.9,4932.5,0,1,0,0.016139405,Low Risk,0,0,TechSupport (+0.117) | MultipleLines (+0.100) | OnlineSecurity (+0.071),Standard engagement — monitor monthly
0,59,75.95,4542.35,0,1,0,0.016029336,Low Risk,0,0,Contract_One year (+0.082) | OnlineSecurity (+0.070) | StreamingTV (+0.052),Standard engagement — monitor monthly
945,49,20.7,1032.05,1,0,0,0.015722388,Low Risk,0,0,TotalCharges (+0.288) | Contract_Two year (+0.163) | OnlineSecurity (+0.083),Standard engagement — monitor monthly
244,65,59.8,3808.2,0,1,0,0.015209254,Low Risk,0,0,PaymentMethod_Credit card (automatic) (+0.104) | Dependents (+0.082) | OnlineBackup (+0.071),Standard engagement — monitor monthly
1329,70,79.15,5536.5,0,1,0,0.014964682,Low Risk,0,0,MultipleLines (+0.126) | StreamingTV (+0.028) | DeviceProtection (+0.027),Standard engagement — monitor monthly
563,61,69.9,4226.7,0,1,0,0.0149389515,Low Risk,0,0,MultipleLines (+0.103) | TechSupport (+0.086) | Contract_One year (+0.055),Standard engagement — monitor monthly
298,71,82.55,5832.65,0,1,0,0.014882918,Low Risk,0,0,PaymentMethod_Electronic check (+0.421) | StreamingTV (+0.076) | OnlineBackup (+0.062),Standard engagement — monitor monthly
564,72,110.1,7746.7,0,1,1,0.014860779,Low Risk,0,0,InternetService_Fiber optic (+0.169) | SeniorCitizen (+0.114) | MultipleLines (+0.100),Standard engagement — monitor monthly
557,30,19.3,602.9,0,1,0,0.014845477,Low Risk,0,0,Contract_One year (+0.114) | gender (+0.078) | OnlineSecurity (+0.071),Standard engagement — monitor monthly
533,65,82.5,5215.1,0,1,0,0.014736061,Low Risk,0,0,MultipleLines (+0.133) | Contract_One year (+0.061) | PaymentMethod_Mailed check (+0.027),Standard engagement — monitor monthly
1111,72,114.45,8375.05,0,1,1,0.014692067,Low Risk,0,0,InternetService_Fiber optic (+0.157) | StreamingTV (+0.091) | MultipleLines (+0.086),Standard engagement — monitor monthly
348,47,19.65,973.1,0,1,0,0.01464973,Low Risk,0,0,Contract_One year (+0.121) | OnlineSecurity (+0.095) | TotalCharges (+0.049),Standard engagement — monitor monthly
1155,46,40.4,1842.7,0,1,0,0.014487048,Low Risk,0,0,PhoneService (+0.173) | Contract_One year (+0.098) | Dependents (+0.062),Standard engagement — monitor monthly
55,23,34.6,813.45,0,1,0,0.014378463,Low Risk,0,0,PhoneService (+0.204) | Contract_One year (+0.103) | gender (+0.074),Standard engagement — monitor monthly
1379,60,59.85,3483.45,0,1,0,0.014204207,Low Risk,0,0,Contract_One year (+0.070) | Dependents (+0.062) | PaymentMethod_Mailed check (+0.045),Standard engagement — monitor monthly
253,71,77.55,5574.35,0,1,0,0.01404786,Low Risk,0,0,TechSupport (+0.079) | StreamingTV (+0.054) | Contract_One year (+0.049),Standard engagement — monitor monthly
881,72,107.7,7919.8,0,1,1,0.013531442,Low Risk,0,0,InternetService_Fiber optic (+0.172) | MultipleLines (+0.132) | StreamingTV (+0.092),Standard engagement — monitor monthly
1089,72,66.75,4760.3,0,1,0,0.013348471,Low Risk,0,0,TotalCharges (+0.247) | MultipleLines (+0.139) | PaymentMethod_Credit card (automatic) (+0.129),Standard engagement — monitor monthly
501,50,20.15,989.05,1,0,0,0.01328779,Low Risk,0,0,TotalCharges (+0.185) | Contract_Two year (+0.153) | OnlineSecurity (+0.074),Standard engagement — monitor monthly
351,72,107.4,7748.75,0,1,1,0.012981025,Low Risk,0,0,InternetService_Fiber optic (+0.160) | SeniorCitizen (+0.145) | MultipleLines (+0.121),Standard engagement — monitor monthly
985,66,20.35,1359.5,1,0,0,0.012761536,Low Risk,0,0,PaymentMethod_Electronic check (+0.414) | Contract_Two year (+0.198) | TechSupport (+0.099),Standard engagement — monitor monthly
877,44,19.55,819.95,0,1,0,0.012608341,Low Risk,0,0,Partner (+0.133) | Contract_One year (+0.125) | OnlineSecurity (+0.086),Standard engagement — monitor monthly
964,59,25.45,1534.05,0,1,0,0.012371974,Low Risk,0,0,Contract_One year (+0.086) | OnlineSecurity (+0.084) | TechSupport (+0.040),Standard engagement — monitor monthly
769,52,85.15,4461.85,0,1,0,0.012364857,Low Risk,0,0,MultipleLines (+0.090) | Contract_One year (+0.066) | StreamingMovies (+0.043),Standard engagement — monitor monthly
278,47,90.5,4318.35,0,1,0,0.012229006,Low Risk,0,0,tenure (+0.072) | StreamingTV (+0.071) | MultipleLines (+0.061),Standard engagement — monitor monthly
1095,24,19.7,452.55,0,1,0,0.012223663,Low Risk,0,0,Contract_One year (+0.087) | OnlineSecurity (+0.080) | gender (+0.065),Standard engagement — monitor monthly
150,68,60.3,4109.0,0,1,0,0.012024565,Low Risk,0,0,PhoneService (+0.130) | OnlineSecurity (+0.079) | Contract_One year (+0.054),Standard engagement — monitor monthly
192,35,21.1,741.0,1,0,0,0.0119341975,Low Risk,0,0,Contract_Two year (+0.163) | TotalCharges (+0.105) | OnlineSecurity (+0.092),Standard engagement — monitor monthly
821,20,20.65,417.5,1,0,0,0.011769282,Low Risk,0,0,Contract_Two year (+0.196) | OnlineSecurity (+0.076) | TechSupport (+0.047),Standard engagement — monitor monthly
681,71,53.95,3888.65,0,1,0,0.011717744,Low Risk,0,0,PhoneService (+0.224) | Contract_One year (+0.078) | Dependents (+0.074),Standard engagement — monitor monthly
1041,29,19.8,572.2,1,0,0,0.011602938,Low Risk,0,0,Contract_Two year (+0.158) | OnlineSecurity (+0.084) | PaperlessBilling (+0.077),Standard engagement — monitor monthly
1209,69,19.3,1447.9,0,1,0,0.011591291,Low Risk,0,0,Contract_One year (+0.107) | OnlineSecurity (+0.087) | TechSupport (+0.067),Standard engagement — monitor monthly
58,56,19.8,1119.9,0,1,0,0.011415271,Low Risk,0,0,TotalCharges (+0.288) | tenure (+0.117) | OnlineSecurity (+0.093),Standard engagement — monitor monthly
514,24,19.9,533.5,1,0,0,0.011336365,Low Risk,0,0,Contract_Two year (+0.161) | OnlineSecurity (+0.084) | gender (+0.073),Standard engagement — monitor monthly
451,69,90.65,6322.1,0,1,0,0.011336269,Low Risk,0,0,MultipleLines (+0.098) | Contract_One year (+0.036) | tenure (+0.031),Standard engagement — monitor monthly
692,72,115.5,8312.75,0,1,1,0.011314255,Low Risk,0,0,InternetService_Fiber optic (+0.181) | MultipleLines (+0.104) | StreamingTV (+0.088),Standard engagement — monitor monthly
673,62,56.15,3487.95,1,0,0,0.011287446,Low Risk,0,0,Contract_Two year (+0.174) | TechSupport (+0.085) | Partner (+0.045),Standard engagement — monitor monthly
1063,61,24.4,1417.9,0,1,0,0.011271434,Low Risk,0,0,Contract_One year (+0.085) | OnlineSecurity (+0.074) | TechSupport (+0.037),Standard engagement — monitor monthly
845,2,19.3,28.3,1,0,0,0.011243363,Low Risk,1,0,Contract_Two year (+0.145) | OnlineBackup (+0.062) | TechSupport (+0.043),Standard engagement — monitor monthly
826,67,65.65,4322.85,0,1,0,0.011182522,Low Risk,0,0,MultipleLines (+0.115) | Contract_One year (+0.064) | TechSupport (+0.045),Standard engagement — monitor monthly
824,47,24.55,1160.45,0,1,0,0.011181041,Low Risk,0,0,TotalCharges (+0.328) | OnlineSecurity (+0.100) | Contract_One year (+0.075),Standard engagement — monitor monthly
1181,50,20.35,938.95,1,0,0,0.011141497,Low Risk,0,0,TotalCharges (+0.230) | Contract_Two year (+0.154) | PaperlessBilling (+0.095),Standard engagement — monitor monthly
1098,72,114.45,8100.55,0,1,1,0.011107694,Low Risk,0,0,InternetService_Fiber optic (+0.163) | StreamingTV (+0.101) | MultipleLines (+0.091),Standard engagement — monitor monthly
774,69,60.05,4176.7,0,1,0,0.011099751,Low Risk,0,0,PhoneService (+0.152) | Dependents (+0.093) | StreamingMovies (+0.046),Standard engagement — monitor monthly
20,70,19.2,1401.4,0,1,0,0.011099213,Low Risk,0,0,Contract_One year (+0.097) | OnlineSecurity (+0.091) | TechSupport (+0.060),Standard engagement — monitor monthly
426,34,20.65,716.4,0,0,0,0.01084764,Low Risk,0,0,Contract_Two year (+0.236) | Contract_One year (+0.193) | TotalCharges (+0.115),Standard engagement — monitor monthly
121,14,18.8,255.55,0,1,0,0.0108398255,Low Risk,0,0,Contract_One year (+0.126) | OnlineBackup (+0.057) | TechSupport (+0.055),Standard engagement — monitor monthly
463,72,114.05,8468.2,0,1,1,0.010768195,Low Risk,0,0,InternetService_Fiber optic (+0.163) | MultipleLines (+0.100) | StreamingTV (+0.094),Standard engagement — monitor monthly
1353,61,49.7,2961.4,1,0,0,0.010764833,Low Risk,0,0,Contract_Two year (+0.160) | TechSupport (+0.096) | PaymentMethod_Mailed check (+0.035),Standard engagement — monitor monthly
134,72,84.2,5986.55,0,1,0,0.0106960125,Low Risk,0,0,MultipleLines (+0.150) | StreamingTV (+0.063) | Contract_One year (+0.057),Standard engagement — monitor monthly
158,20,20.05,400.0,0,1,0,0.010677838,Low Risk,0,0,Contract_One year (+0.105) | OnlineSecurity (+0.071) | TechSupport (+0.055),Standard engagement — monitor monthly
272,63,67.25,4234.15,0,1,0,0.010661057,Low Risk,0,0,MultipleLines (+0.086) | StreamingMovies (+0.045) | Dependents (+0.041),Standard engagement — monitor monthly
287,11,20.4,231.45,0,1,0,0.010650496,Low Risk,0,0,Contract_One year (+0.092) | OnlineBackup (+0.056) | TechSupport (+0.055),Standard engagement — monitor monthly
1278,43,19.55,876.15,0,1,0,0.010592644,Low Risk,0,0,Contract_One year (+0.124) | OnlineSecurity (+0.090) | Partner (+0.080),Standard engagement — monitor monthly
662,64,19.45,1208.6,0,1,0,0.0105922045,Low Risk,0,0,Contract_One year (+0.101) | TotalCharges (+0.086) | TechSupport (+0.058),Standard engagement — monitor monthly
1291,48,20.65,1057.0,0,1,0,0.010558736,Low Risk,0,0,TotalCharges (+0.473) | OnlineSecurity (+0.098) | Contract_One year (+0.084),Standard engagement — monitor monthly
408,53,73.9,3958.25,0,1,0,0.010540787,Low Risk,0,0,OnlineSecurity (+0.088) | Contract_One year (+0.044) | PaperlessBilling (+0.042),Standard engagement — monitor monthly
1203,62,54.75,3425.35,1,0,0,0.010264828,Low Risk,0,0,Contract_Two year (+0.158) | PaymentMethod_Credit card (automatic) (+0.123) | TechSupport (+0.074),Standard engagement — monitor monthly
1136,71,91.25,6589.6,0,1,0,0.010178709,Low Risk,0,0,MultipleLines (+0.105) | StreamingTV (+0.058) | StreamingMovies (+0.040),Standard engagement — monitor monthly
1393,24,20.4,482.8,1,0,0,0.010107858,Low Risk,0,0,Contract_Two year (+0.159) | gender (+0.085) | OnlineSecurity (+0.074),Standard engagement — monitor monthly
693,48,23.55,1173.35,0,1,0,0.010011487,Low Risk,0,0,TotalCharges (+0.172) | OnlineSecurity (+0.099) | Contract_One year (+0.076),Standard engagement — monitor monthly
701,27,20.1,562.6,1,0,0,0.0098914625,Low Risk,0,0,Contract_Two year (+0.153) | OnlineSecurity (+0.071) | TechSupport (+0.057),Standard engagement — monitor monthly
1286,24,20.45,527.35,1,0,0,0.009880956,Low Risk,0,0,Contract_Two year (+0.156) | gender (+0.081) | OnlineSecurity (+0.073),Standard engagement — monitor monthly
922,71,89.9,6457.15,0,1,0,0.009753732,Low Risk,0,0,MultipleLines (+0.117) | StreamingTV (+0.050) | Contract_One year (+0.048),Standard engagement — monitor monthly
721,34,20.8,635.9,0,0,0,0.00967366,Low Risk,0,0,Contract_Two year (+0.240) | Contract_One year (+0.191) | OnlineSecurity (+0.080),Standard engagement — monitor monthly
1024,51,24.95,1222.25,0,1,0,0.009505936,Low Risk,0,0,OnlineSecurity (+0.109) | Contract_One year (+0.084) | MultipleLines (+0.069),Standard engagement — monitor monthly
462,62,24.25,1424.6,0,1,0,0.009439477,Low Risk,0,0,MultipleLines (+0.076) | Contract_One year (+0.076) | OnlineSecurity (+0.075),Standard engagement — monitor monthly
1298,72,110.75,7751.7,0,1,1,0.009415996,Low Risk,0,0,InternetService_Fiber optic (+0.172) | PaymentMethod_Electronic check (+0.135) | StreamingTV (+0.092),Standard engagement — monitor monthly
1047,47,19.3,890.5,0,1,0,0.009377119,Low Risk,0,0,Contract_One year (+0.118) | OnlineSecurity (+0.091) | PaymentMethod_Credit card (automatic) (+0.022),Standard engagement — monitor monthly
528,24,20.15,456.85,1,0,0,0.009298128,Low Risk,0,0,Contract_Two year (+0.160) | OnlineSecurity (+0.085) | gender (+0.066),Standard engagement — monitor monthly
777,68,24.95,1614.9,0,1,0,0.009291493,Low Risk,0,0,MultipleLines (+0.137) | PaymentMethod_Credit card (automatic) (+0.137) | Contract_One year (+0.086),Standard engagement — monitor monthly
750,67,85.25,5714.2,0,1,0,0.00924254,Low Risk,0,0,MultipleLines (+0.111) | OnlineBackup (+0.045) | Contract_One year (+0.039),Standard engagement — monitor monthly
375,65,90.45,5957.9,0,1,0,0.009225116,Low Risk,0,0,MultipleLines (+0.098) | Contract_One year (+0.043) | StreamingTV (+0.041),Standard engagement — monitor monthly
618,66,54.65,3632.0,0,1,0,0.009133765,Low Risk,0,0,PhoneService (+0.193) | StreamingTV (+0.063) | OnlineSecurity (+0.059),Standard engagement — monitor monthly
754,63,19.95,1234.8,0,1,0,0.009117074,Low Risk,0,0,Contract_One year (+0.100) | TechSupport (+0.076) | OnlineSecurity (+0.070),Standard engagement — monitor monthly
743,45,20.4,930.45,1,0,0,0.00904813,Low Risk,1,0,PaymentMethod_Electronic check (+0.404) | Contract_Two year (+0.154) | OnlineSecurity (+0.078),Standard engagement — monitor monthly
808,71,84.4,5969.3,0,1,0,0.009015869,Low Risk,0,0,StreamingTV (+0.049) | Contract_One year (+0.044) | PaymentMethod_Credit card (automatic) (+0.041),Standard engagement — monitor monthly
64,43,24.25,1077.95,0,1,0,0.008946056,Low Risk,0,0,TotalCharges (+0.429) | OnlineSecurity (+0.093) | Contract_One year (+0.071),Standard engagement — monitor monthly
336,46,20.05,902.0,0,1,0,0.008776089,Low Risk,0,0,Contract_One year (+0.115) | OnlineSecurity (+0.089) | Partner (+0.087),Standard engagement — monitor monthly
1006,52,25.05,1270.25,0,1,0,0.008750214,Low Risk,0,0,OnlineSecurity (+0.110) | Contract_One year (+0.100) | MultipleLines (+0.078),Standard engagement — monitor monthly
180,45,19.2,903.7,0,1,0,0.008673923,Low Risk,0,0,PaymentMethod_Electronic check (+0.365) | Contract_One year (+0.123) | OnlineSecurity (+0.074),Standard engagement — monitor monthly
1148,22,20.3,467.15,1,0,0,0.008599784,Low Risk,0,0,Contract_Two year (+0.161) | OnlineSecurity (+0.065) | TechSupport (+0.039),Standard engagement — monitor monthly
483,48,20.0,935.9,0,1,0,0.008591722,Low Risk,0,0,TotalCharges (+0.177) | OnlineSecurity (+0.101) | Contract_One year (+0.101),Standard engagement — monitor monthly
758,61,80.8,4860.85,0,1,0,0.008580568,Low Risk,0,0,MultipleLines (+0.100) | Contract_One year (+0.050) | PaymentMethod_Mailed check (+0.023),Standard engagement — monitor monthly
198,41,20.25,865.0,1,0,0,0.008480699,Low Risk,0,0,Contract_Two year (+0.162) | OnlineSecurity (+0.081) | Partner (+0.057),Standard engagement — monitor monthly
128,71,54.5,3778.2,0,1,0,0.008447464,Low Risk,0,0,Dependents (+0.088) | OnlineBackup (+0.086) | Contract_One year (+0.082),Standard engagement — monitor monthly
267,72,114.0,8093.15,0,1,1,0.008419118,Low Risk,0,0,InternetService_Fiber optic (+0.150) | PaymentMethod_Electronic check (+0.118) | StreamingTV (+0.098),Standard engagement — monitor monthly
1315,70,59.5,4144.8,0,1,0,0.008411915,Low Risk,0,0,PhoneService (+0.123) | Contract_One year (+0.069) | OnlineBackup (+0.051),Standard engagement — monitor monthly
1118,35,19.6,686.95,0,1,0,0.008381701,Low Risk,0,0,Contract_One year (+0.114) | OnlineSecurity (+0.081) | TotalCharges (+0.055),Standard engagement — monitor monthly
874,72,86.4,6058.95,0,1,0,0.008289081,Low Risk,0,0,MultipleLines (+0.089) | StreamingTV (+0.065) | gender (+0.048),Standard engagement — monitor monthly
1100,24,19.75,483.15,0,1,0,0.008166516,Low Risk,0,0,Contract_One year (+0.095) | OnlineSecurity (+0.070) | TechSupport (+0.042),Standard engagement — monitor monthly
1081,63,25.25,1559.3,0,1,0,0.008025295,Low Risk,0,0,Contract_One year (+0.074) | OnlineSecurity (+0.068) | Partner (+0.057),Standard engagement — monitor monthly
1199,51,20.45,1042.65,0,1,0,0.0080170855,Low Risk,0,0,TotalCharges (+0.302) | OnlineSecurity (+0.097) | Contract_One year (+0.082),Standard engagement — monitor monthly
425,61,20.4,1226.45,1,0,0,0.00801351,Low Risk,0,0,Contract_Two year (+0.209) | OnlineSecurity (+0.079) | TechSupport (+0.056),Standard engagement — monitor monthly
1104,72,45.25,3139.8,0,1,0,0.007925012,Low Risk,0,0,PhoneService (+0.197) | DeviceProtection (+0.072) | Contract_One year (+0.070),Standard engagement — monitor monthly
358,27,20.3,595.05,1,0,0,0.0076524396,Low Risk,0,0,Contract_Two year (+0.149) | OnlineSecurity (+0.078) | TechSupport (+0.058),Standard engagement — monitor monthly
939,70,84.7,5991.05,0,1,0,0.0076473653,Low Risk,0,0,MultipleLines (+0.096) | Contract_One year (+0.054) | StreamingTV (+0.023),Standard engagement — monitor monthly
41,48,19.25,855.1,0,1,0,0.007589794,Low Risk,0,0,Contract_One year (+0.126) | OnlineSecurity (+0.085) | PaymentMethod_Credit card (automatic) (+0.026),Standard engagement — monitor monthly
638,72,80.85,5727.45,0,1,0,0.0075460947,Low Risk,0,0,MultipleLines (+0.128) | StreamingTV (+0.052) | PaymentMethod_Mailed check (+0.039),Standard engagement — monitor monthly
782,69,19.75,1375.4,0,1,0,0.0074852346,Low Risk,0,0,MonthlyCharges (+0.111) | OnlineSecurity (+0.075) | Contract_One year (+0.064),Standard engagement — monitor monthly
78,72,89.85,6562.9,0,1,0,0.007470735,Low Risk,0,0,MultipleLines (+0.100) | StreamingTV (+0.050) | Contract_One year (+0.041),Standard engagement — monitor monthly
74,69,24.6,1678.05,0,1,0,0.0074635535,Low Risk,0,0,PaymentMethod_Credit card (automatic) (+0.123) | MultipleLines (+0.113) | Contract_One year (+0.092),Standard engagement — monitor monthly
644,68,25.05,1629.2,0,1,0,0.007450326,Low Risk,0,0,PaymentMethod_Credit card (automatic) (+0.128) | MultipleLines (+0.114) | Contract_One year (+0.074),Standard engagement — monitor monthly
572,62,20.05,1201.65,0,1,0,0.0074301166,Low Risk,0,0,Contract_One year (+0.095) | Partner (+0.079) | TechSupport (+0.067),Standard engagement — monitor monthly
1391,66,62.5,4136.4,0,1,0,0.007214216,Low Risk,0,0,PhoneService (+0.111) | Dependents (+0.057) | StreamingTV (+0.036),Standard engagement — monitor monthly
875,33,20.1,670.35,0,1,0,0.007175819,Low Risk,0,0,TotalCharges (+0.308) | Contract_One year (+0.095) | OnlineSecurity (+0.084),Standard engagement — monitor monthly
51,34,20.1,682.1,1,0,0,0.007082039,Low Risk,0,0,Contract_Two year (+0.163) | TotalCharges (+0.144) | OnlineSecurity (+0.082),Standard engagement — monitor monthly
256,68,62.65,4375.8,0,1,0,0.007031271,Low Risk,0,0,PaymentMethod_Credit card (automatic) (+0.075) | Contract_One year (+0.073) | PaymentMethod_Mailed check (+0.035),Standard engagement — monitor monthly
494,65,19.9,1292.6,0,1,0,0.006982137,Low Risk,0,0,Contract_One year (+0.091) | TechSupport (+0.075) | OnlineSecurity (+0.067),Standard engagement — monitor monthly
986,72,60.95,4549.05,0,1,0,0.006801544,Low Risk,0,0,PhoneService (+0.203) | Contract_One year (+0.079) | StreamingTV (+0.063),Standard engagement — monitor monthly
1344,71,19.6,1387.45,0,1,0,0.0067369915,Low Risk,0,0,Contract_One year (+0.113) | OnlineSecurity (+0.091) | TechSupport (+0.073),Standard engagement — monitor monthly
1321,57,20.75,1123.15,0,1,0,0.0066770418,Low Risk,0,0,TotalCharges (+0.277) | OnlineSecurity (+0.086) | Contract_One year (+0.063),Standard engagement — monitor monthly
132,71,85.45,6029.9,0,1,0,0.006612645,Low Risk,0,0,StreamingTV (+0.071) | Contract_One year (+0.043) | PaymentMethod_Mailed check (+0.039),Standard engagement — monitor monthly
697,64,81.3,5129.3,0,1,0,0.0065188357,Low Risk,0,0,MultipleLines (+0.102) | Contract_One year (+0.050) | StreamingMovies (+0.026),Standard engagement — monitor monthly
867,35,20.1,644.5,1,0,0,0.006465456,Low Risk,0,0,Contract_Two year (+0.158) | OnlineSecurity (+0.078) | Partner (+0.064),Standard engagement — monitor monthly
453,32,20.05,614.45,0,1,0,0.006418672,Low Risk,0,0,Contract_One year (+0.115) | OnlineSecurity (+0.073) | TechSupport (+0.040),Standard engagement — monitor monthly
9,72,61.2,4390.25,0,1,0,0.006405144,Low Risk,0,0,PhoneService (+0.139) | Contract_One year (+0.086) | Dependents (+0.067),Standard engagement — monitor monthly
976,46,19.75,856.5,0,1,0,0.0063160253,Low Risk,0,0,Contract_One year (+0.105) | OnlineSecurity (+0.082) | TechSupport (+0.019),Standard engagement — monitor monthly
179,69,59.75,4069.9,0,1,0,0.0062683607,Low Risk,0,0,TechSupport (+0.095) | Contract_One year (+0.076) | PaymentMethod_Mailed check (+0.033),Standard engagement — monitor monthly
313,37,19.8,813.3,0,1,0,0.006060084,Low Risk,0,0,Contract_One year (+0.101) | OnlineSecurity (+0.085) | Partner (+0.065),Standard engagement — monitor monthly
687,69,19.9,1363.45,0,1,0,0.006030712,Low Risk,0,0,OnlineSecurity (+0.078) | Contract_One year (+0.073) | TechSupport (+0.058),Standard engagement — monitor monthly
1021,72,88.7,6501.35,0,1,0,0.005949357,Low Risk,0,0,MultipleLines (+0.082) | StreamingTV (+0.053) | Contract_One year (+0.041),Standard engagement — monitor monthly
708,22,20.3,475.1,1,0,0,0.0059021427,Low Risk,0,0,Contract_Two year (+0.160) | OnlineSecurity (+0.075) | TechSupport (+0.047),Standard engagement — monitor monthly
517,71,24.45,1681.6,0,1,0,0.005783245,Low Risk,0,0,MultipleLines (+0.160) | Contract_One year (+0.091) | OnlineSecurity (+0.088),Standard engagement — monitor monthly
85,71,19.85,1326.35,0,1,0,0.0057541816,Low Risk,0,0,OnlineSecurity (+0.084) | Contract_One year (+0.072) | TechSupport (+0.063),Standard engagement — monitor monthly
688,66,25.3,1673.8,0,1,0,0.005746853,Low Risk,0,0,MultipleLines (+0.132) | Contract_One year (+0.078) | PaymentMethod_Credit card (automatic) (+0.069),Standard engagement — monitor monthly
37,61,62.15,3778.85,0,1,0,0.0056646895,Low Risk,0,0,PhoneService (+0.122) | Dependents (+0.055) | Contract_One year (+0.048),Standard engagement — monitor monthly
1386,38,20.1,730.1,1,0,0,0.0056456844,Low Risk,0,0,Contract_Two year (+0.164) | OnlineSecurity (+0.079) | TotalCharges (+0.070),Standard engagement — monitor monthly
1382,67,60.4,3953.7,0,1,0,0.0055028354,Low Risk,0,0,Contract_One year (+0.072) | OnlineBackup (+0.066) | PaymentMethod_Mailed check (+0.033),Standard engagement — monitor monthly
661,72,87.55,6463.15,0,1,0,0.005499718,Low Risk,0,0,MultipleLines (+0.101) | StreamingTV (+0.071) | Contract_One year (+0.031),Standard engagement — monitor monthly
1188,70,19.85,1433.8,0,1,0,0.0054267244,Low Risk,0,0,Contract_One year (+0.066) | OnlineSecurity (+0.061) | Dependents (+0.059),Standard engagement — monitor monthly
1229,63,36.1,2298.9,1,0,0,0.0053293156,Low Risk,0,0,PhoneService (+0.190) | Contract_Two year (+0.153) | SeniorCitizen (+0.112),Standard engagement — monitor monthly
239,47,20.45,943.0,0,1,0,0.005311253,Low Risk,0,0,TotalCharges (+0.140) | Contract_One year (+0.090) | OnlineSecurity (+0.089),Standard engagement — monitor monthly
157,72,91.15,6637.9,0,1,0,0.0051519335,Low Risk,0,0,gender (+0.093) | MultipleLines (+0.083) | StreamingTV (+0.055),Standard engagement — monitor monthly
1297,72,91.35,6697.2,0,1,0,0.0050869486,Low Risk,0,0,gender (+0.091) | MultipleLines (+0.083) | StreamingTV (+0.055),Standard engagement — monitor monthly
627,72,88.6,6201.95,0,1,0,0.005075,Low Risk,0,0,MultipleLines (+0.130) | OnlineSecurity (+0.105) | StreamingTV (+0.071),Standard engagement — monitor monthly
112,46,20.2,917.45,0,1,0,0.0050524087,Low Risk,0,0,OnlineSecurity (+0.101) | Contract_One year (+0.089) | PaperlessBilling (+0.040),Standard engagement — monitor monthly
1160,71,24.65,1766.75,0,1,0,0.004973179,Low Risk,0,0,SeniorCitizen (+0.164) | Contract_One year (+0.081) | MultipleLines (+0.076),Standard engagement — monitor monthly
96,72,65.65,4664.5,0,1,0,0.004943562,Low Risk,0,0,PhoneService (+0.227) | StreamingMovies (+0.055) | StreamingTV (+0.039),Standard engagement — monitor monthly
1249,72,87.1,6230.1,0,1,0,0.0049103196,Low Risk,0,0,MultipleLines (+0.078) | StreamingTV (+0.076) | Contract_One year (+0.035),Standard engagement — monitor monthly
1140,70,24.25,1724.15,0,1,0,0.0049099117,Low Risk,0,0,MultipleLines (+0.082) | OnlineSecurity (+0.072) | Contract_One year (+0.071),Standard engagement — monitor monthly
866,33,19.45,600.25,1,0,0,0.004904512,Low Risk,0,0,Contract_Two year (+0.168) | OnlineSecurity (+0.082) | TechSupport (+0.041),Standard engagement — monitor monthly
1002,71,25.95,1801.9,0,1,0,0.0044785687,Low Risk,0,0,MultipleLines (+0.131) | Contract_One year (+0.089) | OnlineSecurity (+0.088),Standard engagement — monitor monthly
847,36,19.25,679.8,1,0,0,0.004467025,Low Risk,0,0,Contract_Two year (+0.161) | OnlineSecurity (+0.078) | PaperlessBilling (+0.050),Standard engagement — monitor monthly
264,44,19.5,835.5,1,0,0,0.004424999,Low Risk,0,0,Contract_Two year (+0.158) | OnlineSecurity (+0.067) | Partner (+0.049),Standard engagement — monitor monthly
306,61,88.1,5526.75,0,1,0,0.0043846364,Low Risk,0,0,MultipleLines (+0.066) | StreamingTV (+0.051) | gender (+0.048),Standard engagement — monitor monthly
327,72,85.1,6155.4,0,1,0,0.0043655043,Low Risk,0,0,gender (+0.048) | Contract_One year (+0.037) | StreamingMovies (+0.030),Standard engagement — monitor monthly
167,46,19.95,862.4,0,1,0,0.0042852773,Low Risk,0,0,Contract_One year (+0.107) | OnlineSecurity (+0.082) | TechSupport (+0.019),Standard engagement — monitor monthly
542,67,54.2,3838.2,0,1,0,0.004221764,Low Risk,0,0,TechSupport (+0.091) | Contract_One year (+0.069) | PaymentMethod_Mailed check (+0.035),Standard engagement — monitor monthly
161,72,63.7,4464.8,0,1,0,0.0041706264,Low Risk,0,0,PhoneService (+0.204) | StreamingMovies (+0.069) | Dependents (+0.058),Standard engagement — monitor monthly
865,72,19.55,1463.45,0,1,0,0.0041307616,Low Risk,0,0,Contract_One year (+0.103) | OnlineSecurity (+0.080) | TechSupport (+0.061),Standard engagement — monitor monthly
448,39,20.7,762.45,0,1,0,0.004124752,Low Risk,0,0,Contract_One year (+0.086) | PaymentMethod_Credit card (automatic) (+0.082) | OnlineSecurity (+0.078),Standard engagement — monitor monthly
1059,67,36.15,2434.45,0,1,0,0.0041235634,Low Risk,0,0,PhoneService (+0.218) | TechSupport (+0.078) | Contract_One year (+0.074),Standard engagement — monitor monthly
1211,66,58.2,3810.8,0,1,0,0.004034593,Low Risk,0,0,PaymentMethod_Credit card (automatic) (+0.098) | Contract_One year (+0.064) | gender (+0.037),Standard engagement — monitor monthly
1139,41,20.15,802.35,0,1,0,0.004002931,Low Risk,0,0,Contract_One year (+0.101) | OnlineSecurity (+0.083) | Partner (+0.073),Standard engagement — monitor monthly
1044,37,19.8,677.05,1,0,0,0.0039508166,Low Risk,0,0,Contract_Two year (+0.163) | OnlineSecurity (+0.069) | TotalCharges (+0.040),Standard engagement — monitor monthly
19,71,25.55,1898.1,0,1,0,0.003906168,Low Risk,0,0,OnlineSecurity (+0.084) | Contract_One year (+0.082) | TechSupport (+0.071),Standard engagement — monitor monthly
476,67,35.7,2545.7,0,1,0,0.0038749822,Low Risk,0,0,PhoneService (+0.132) | Contract_One year (+0.084) | PaymentMethod_Credit card (automatic) (+0.065),Standard engagement — monitor monthly
740,68,20.5,1424.9,0,1,0,0.0036965269,Low Risk,0,0,PaymentMethod_Credit card (automatic) (+0.074) | Contract_One year (+0.067) | OnlineSecurity (+0.065),Standard engagement — monitor monthly
1370,71,19.8,1388.45,0,1,0,0.0036646414,Low Risk,0,0,SeniorCitizen (+0.320) | Contract_One year (+0.086) | TechSupport (+0.055),Standard engagement — monitor monthly
486,72,25.0,1802.55,0,1,0,0.0036289918,Low Risk,0,0,SeniorCitizen (+0.208) | Contract_One year (+0.090) | MultipleLines (+0.086),Standard engagement — monitor monthly
260,67,24.65,1620.45,0,1,0,0.0035617456,Low Risk,0,0,MultipleLines (+0.085) | Contract_One year (+0.077) | OnlineSecurity (+0.062),Standard engagement — monitor monthly
1153,71,25.0,1753.0,0,1,0,0.0035330649,Low Risk,0,0,OnlineSecurity (+0.090) | Contract_One year (+0.087) | MultipleLines (+0.061),Standard engagement — monitor monthly
1396,69,20.15,1337.5,0,1,0,0.0035012283,Low Risk,0,0,Contract_One year (+0.079) | OnlineSecurity (+0.075) | TechSupport (+0.060),Standard engagement — monitor monthly
140,72,24.75,1777.6,0,1,0,0.0034185622,Low Risk,0,0,OnlineSecurity (+0.084) | Contract_One year (+0.078) | TechSupport (+0.071),Standard engagement — monitor monthly
839,69,20.2,1412.65,0,1,0,0.0033686915,Low Risk,0,0,Contract_One year (+0.078) | OnlineSecurity (+0.074) | TechSupport (+0.060),Standard engagement — monitor monthly
359,41,20.65,875.55,0,1,0,0.003350245,Low Risk,0,0,Contract_One year (+0.080) | OnlineSecurity (+0.079) | gender (+0.069),Standard engagement — monitor monthly
960,68,38.9,2719.2,0,1,0,0.0033379141,Low Risk,0,0,PhoneService (+0.131) | Contract_One year (+0.075) | Dependents (+0.052),Standard engagement — monitor monthly
496,35,20.05,746.75,1,0,0,0.0033031476,Low Risk,0,0,Contract_Two year (+0.166) | OnlineSecurity (+0.071) | TechSupport (+0.040),Standard engagement — monitor monthly
1066,71,19.7,1301.1,0,1,0,0.003164965,Low Risk,0,0,Contract_One year (+0.086) | OnlineSecurity (+0.071) | TechSupport (+0.064),Standard engagement — monitor monthly
797,72,20.05,1423.65,0,1,0,0.0030513564,Low Risk,0,0,Contract_One year (+0.089) | OnlineSecurity (+0.079) | TechSupport (+0.053),Standard engagement — monitor monthly
80,24,20.75,487.05,0,1,0,0.002963643,Low Risk,0,0,Contract_One year (+0.086) | OnlineSecurity (+0.069) | TechSupport (+0.047),Standard engagement — monitor monthly
1347,72,25.25,1841.2,0,1,0,0.002952353,Low Risk,0,0,OnlineSecurity (+0.105) | Contract_One year (+0.084) | MultipleLines (+0.078),Standard engagement — monitor monthly
352,40,20.6,827.3,0,1,0,0.0029289257,Low Risk,0,0,OnlineSecurity (+0.091) | Contract_One year (+0.082) | gender (+0.051),Standard engagement — monitor monthly
951,67,20.5,1430.95,0,1,0,0.0027344977,Low Risk,0,0,TechSupport (+0.066) | OnlineSecurity (+0.062) | Contract_One year (+0.061),Standard engagement — monitor monthly
872,69,39.1,2779.5,0,1,0,0.0026031963,Low Risk,0,0,PhoneService (+0.135) | Contract_One year (+0.069) | DeviceProtection (+0.033),Standard engagement — monitor monthly
537,72,25.75,1864.2,0,1,0,0.0025083416,Low Risk,0,0,MultipleLines (+0.094) | Contract_One year (+0.072) | OnlineSecurity (+0.069),Standard engagement — monitor monthly
1217,72,25.85,1872.2,0,1,0,0.0025083416,Low Risk,0,0,MultipleLines (+0.094) | Contract_One year (+0.072) | OnlineSecurity (+0.069),Standard engagement — monitor monthly
1246,71,24.7,1810.55,0,1,0,0.0024063087,Low Risk,0,0,OnlineSecurity (+0.092) | Contract_One year (+0.084) | MultipleLines (+0.074),Standard engagement — monitor monthly
184,72,25.65,1887.0,0,1,0,0.0023850675,Low Risk,0,0,OnlineSecurity (+0.091) | Contract_One year (+0.081) | TechSupport (+0.051),Standard engagement — monitor monthly
561,72,24.65,1830.05,0,1,0,0.002303379,Low Risk,0,0,OnlineSecurity (+0.092) | Contract_One year (+0.083) | MultipleLines (+0.061),Standard engagement — monitor monthly
653,71,19.9,1397.3,0,1,0,0.002240206,Low Risk,0,0,Contract_One year (+0.086) | OnlineSecurity (+0.073) | TechSupport (+0.064),Standard engagement — monitor monthly
246,71,19.1,1372.45,0,1,0,0.0021413695,Low Risk,0,0,Contract_One year (+0.102) | OnlineSecurity (+0.074) | TechSupport (+0.051),Standard engagement — monitor monthly
117,72,19.8,1468.75,0,1,0,0.0020055177,Low Risk,0,0,Contract_One year (+0.083) | OnlineSecurity (+0.077) | TechSupport (+0.066),Standard engagement — monitor monthly
460,72,25.0,1738.9,0,1,0,0.0018652022,Low Risk,0,0,OnlineSecurity (+0.086) | Contract_One year (+0.073) | MultipleLines (+0.065),Standard engagement — monitor monthly
1011,72,24.25,1784.5,0,1,0,0.001807271,Low Risk,0,0,MultipleLines (+0.116) | OnlineSecurity (+0.077) | Contract_One year (+0.069),Standard engagement — monitor monthly
70,72,25.55,1867.7,0,1,0,0.0017037101,Low Risk,0,0,MultipleLines (+0.101) | Contract_One year (+0.072) | OnlineSecurity (+0.070),Standard engagement — monitor monthly
68,72,24.3,1643.25,0,1,0,0.001536354,Low Risk,0,0,OnlineSecurity (+0.086) | MultipleLines (+0.079) | Contract_One year (+0.065),Standard engagement — monitor monthly
796,28,18.25,534.7,1,0,0,0.0014286363,Low Risk,0,0,Contract_Two year (+0.147) | OnlineSecurity (+0.055) | TechSupport (+0.040),Standard engagement — monitor monthly
